fetched_at,category_id,category_label,title,url,seendate,domain,language,sourcecountry,tone,watchlist_country,relevance,relevance_reason,matched_term,context_match
2026-09-25T08:35:44.980671+00:00,detention_arrest,Arrests & detention,Black Student Union raises concerns about Chico policing,https://theorion.com/110403/news/black-student-union-raises-concerns-about-chico-policing/,20260925T081500Z,theorion.com,English,United States,,,,,,
2026-09-25T08:35:44.980671+00:00,detention_arrest,Arrests & detention,NALSAR Students Screen Umar Khalid Documentary Amid IIIT Hyderabad Row,https://www.jagranjosh.com/news/nalsar-students-screen-umar-khalid-documentary-amid-iiit-hyderabad-row-187759,20260925T063000Z,jagranjosh.com,English,India,,,,,,
2026-09-25T08:35:44.980671+00:00,detention_arrest,Arrests & detention,"IIT Bombay suicide : Late student parents launch hunger strike , mid - sem exam deferred amid caste discrimination claims",https://www.livemint.com/news/india/iit-bombay-suicide-late-students-parents-launch-hunger-strike-mid-sem-exam-deferred-amid-caste-discrimination-claims-11790270749776.html,20260924T183000Z,livemint.com,English,India,,,,,,
2026-09-25T08:35:44.980671+00:00,detention_arrest,Arrests & detention,Min Zin : Trump urged to raise detention of US scholar with Xi,https://www.timeshighereducation.com/news/trump-urged-raise-detention-us-scholar-xi,20260924T160000Z,timeshighereducation.com,English,United Kingdom,,,,,,
2026-09-25T08:35:44.980671+00:00,detention_arrest,Arrests & detention,"Sahil Wakode parents begin hunger strike , IIT - B defers exams",https://www.rediff.com/news/report/sahil-wakodes-parents-sit-on-hunger-strike-iit-b-apologises-again/20260924.htm,20260924T154500Z,rediff.com,English,India,,,,,,
2026-09-25T08:35:44.980671+00:00,detention_arrest,Arrests & detention,Varsha Gaikwad detained during protest outside IIT Bombay over Sahil Wakode death,https://dailypioneer.com/news/varsha-gaikwad-detained-protest-iit-bombay-sahil-wakode-death,20260924T100000Z,dailypioneer.com,English,India,,,,,,
2026-09-25T08:35:44.980671+00:00,detention_arrest,Arrests & detention,"IIT Bombay student suicide : Congress MP Varsha Gaikwad , NSUI protesters detained",https://www.newindianexpress.com/states/maharashtra/2026/Sep/24/iit-bombay-student-suicide-congress-mp-varsha-gaikwad-nsui-protesters-detained,20260924T084500Z,newindianexpress.com,English,India,,,,,,
2026-09-25T08:35:44.980671+00:00,detention_arrest,Arrests & detention,  Facade politics  is making far - right ideas acceptable : AIVD,https://www.dutchnews.nl/2026/09/facade-politics-is-making-far-right-ideas-acceptable-aivd/,20260923T190000Z,dutchnews.nl,English,Netherlands,,,,,,
2026-09-25T08:35:44.980671+00:00,detention_arrest,Arrests & detention,SC reserves order on Noida DM plea over ₹5 lakh compensation in NSA case,https://www.hindustantimes.com/india-news/sc-reserves-order-on-noida-dm-s-plea-over-5-lakh-compensation-in-nsa-case-101790164157940.html,20260923T123000Z,hindustantimes.com,English,India,,,,,,
2026-09-25T08:35:44.980671+00:00,institutional_sanction,Institutional & academic sanctions,Motilal Nehru College ( Evening ) faculty begin indefinite strike over alleged violence during DUSU election duty ; academic work suspended,http://www.indiagazette.com/news/279329281/motilal-nehru-college-evening-faculty-begin-indefinite-strike-over-alleged-violence-during-dusu-election-duty-academic-work-suspended,20260924T194500Z,indiagazette.com,English,India,,,,,,
2026-09-25T09:41:12.202455+00:00,surveillance_intimidation,"Surveillance, threats & intimidation",Taking culture as seriously as the enemy,https://morningstaronline.co.uk/article/taking-culture-seriously-enemy,20260925T080000Z,morningstaronline.co.uk,English,United Kingdom,,,,,,
2026-09-25T09:41:12.202455+00:00,surveillance_intimidation,"Surveillance, threats & intimidation",Covering the bases : from visibility to votes,https://www.thehindu.com/news/national/covering-the-bases-from-visibility-to-votes/article71502791.ece,20260925T020000Z,thehindu.com,English,India,,,,,,
2026-09-26T06:34:17.496269+00:00,physical_violence,Physical violence & killings,India  cockroach  movement says will launch protest,https://www.pakistantoday.com.pk/2026/09/24/indias-cockroach-movement-says-will-launch-protest-if-poll-panel-chief-doesnt-quit-in-48-hours,20260924T191500Z,pakistantoday.com.pk,English,Pakistan,,,,,tear gas,yes
2026-09-26T06:34:17.496269+00:00,physical_violence,Physical violence & killings,India Gen Z  cockroach  movement vows to restart protests if election chief doesnt resign,https://www.independent.co.uk/asia/india/gyanesh-kumar-modi-sir-cockroach-party-protest-b3055685.html,20260924T190000Z,independent.co.uk,English,United Kingdom,,,,,tear gas,yes
2026-09-26T06:34:17.496269+00:00,physical_violence,Physical violence & killings,"ACLU , Amnesty International criticize NYU  suppression  of pro - Palestinian speech",https://nyunews.com/news/2026/09/24/american-civil-liberties-union-amnesty-international-palestine-report/,20260924T113000Z,nyunews.com,English,United States,,Palestine,,,tear gas,no
2026-09-26T06:34:17.496269+00:00,physical_violence,Physical violence & killings,The Week Biggest News in Brief : Sept . 17 - 23 • The Austin Chronicle,https://www.austinchronicle.com/news/the-weeks-biggest-news-in-brief-sept-17-23/,20260924T073000Z,austinchronicle.com,English,United States,,,,,tear gas,no
2026-09-26T06:34:17.496269+00:00,physical_violence,Physical violence & killings,"Šeima tiksliai žinojo vietą , kur buvo užkasti palaikai : mamai duotą pažadą Vida ištesėjo po 80 metų",https://www.15min.lt/naujiena/aktualu/lietuva/seima-tiksliai-zinojo-vieta-kur-buvo-uzkasti-palaikai-mamai-duota-pazada-vida-istesejo-po-80-metu-56-2771548,20260925T094500Z,15min.lt,Lithuanian,Lithuania,,,,,murdered,no
2026-09-26T06:34:17.496269+00:00,physical_violence,Physical violence & killings,Gabriel Moreno González : El otoño de los patriarcas,https://www.hoy.es/opinion/gabriel-moreno-gonzalez-otono-patriarcas-20260925084814-nt.html,20260925T093000Z,hoy.es,Spanish,Spain,,,,,murdered,no
2026-09-26T06:34:17.496269+00:00,physical_violence,Physical violence & killings,La Fabricación del Enemigo,https://kaosenlared.net/la-fabricacion-del-enemigo/,20260925T091500Z,kaosenlared.net,Spanish,Spain,,,,,murdered,no
2026-09-26T06:34:17.496269+00:00,physical_violence,Physical violence & killings,FULL TEXT : Netanyahu UN speech as delegates walk out,https://punchng.com/full-text-netanyahus-speech-at-un-general-assembly/,20260925T084500Z,punchng.com,English,Nigeria,,,,,murdered,no
2026-09-26T06:34:17.496269+00:00,physical_violence,Physical violence & killings,The Crazy True Story Behind Netflix  UNABOMBER : What Happened to Theodore Kaczynski ? ,https://www.esquire.com/uk/culture/film/a73774208/true-story-netflix-unabomber/,20260925T083000Z,esquire.com,English,United States,,,,,murdered,no
2026-09-26T06:34:17.496269+00:00,physical_violence,Physical violence & killings,"  Becoming Colorado  documentary series examines the state tales , traditions and tragedies",https://www.gjsentinel.com/news/western_colorado/becoming-colorado-documentary-series-examines-the-states-tales-traditions-and-tragedies/article_096addc3-e407-40cf-9b0f-0c46000650f3.html,20260925T073000Z,gjsentinel.com,English,United States,,,,,murdered,no
2026-09-26T06:34:17.496269+00:00,physical_violence,Physical violence & killings,"  Will throw first shoe at traitors : Sanjay Raut backs Rahul Gandhi , says CEC should  turn approver  ",https://news.webindia123.com/news/Articles/India/20260925/4503298.html,20260925T073000Z,news.webindia123.com,English,India,,,,,murdered,no
2026-09-26T06:34:17.496269+00:00,physical_violence,Physical violence & killings,"Sub - Inspector son beaten to death at Giridih Maggi Point ; raids underway to find accused , Giridih News in Hindi",https://www.khaskhabar.com/local/jharkhand/giridih-news/crime-news-sub-inspector-son-beaten-to-death-at-giridih-maggi-point-raids-underway-to-find-accused-news-hindi-1-847626-KKN.html,20260925T061500Z,khaskhabar.com,Hindi,India,,,,,murdered,no
2026-09-26T06:34:17.496269+00:00,physical_violence,Physical violence & killings,"Lawyers for Nolan Well family highlight cellphone data , autopsy report and push for investigation",https://www.union-bulletin.com/news/national/lawyers-for-nolan-wells-family-highlight-cellphone-data-autopsy-report-and-push-for-investigation/article_0b662a27-e55c-5c83-ab22-ea6ae0af6ae2.html,20260925T053000Z,union-bulletin.com,English,United States,,,,,murdered,no
2026-09-26T06:34:17.496269+00:00,physical_violence,Physical violence & killings,"Vučič s Mladičom kľučkoval , korupcia v Srbsku zabíjala . Potvrdia voľby silu protestujúcich študentov ? - Svet - Správy",https://www.pravda.sk/spravy/svet/clanok/2047309-vucic-s-mladicom-kluckoval-korupcia-v-srbsku-zabijala-potvrdia-volby-silu-protestujucich-studentov,20260925T051500Z,pravda.sk,Slovak,Slovak Republic,,,,,murdered,yes
2026-09-26T06:34:17.496269+00:00,physical_violence,Physical violence & killings,"Lawyers for Nolan Well family highlight cellphone data , autopsy report and push for investigation",https://www.wfmz.com/news/ap/ap-national/nolan-wells-family-plans-release-of-cellphone-report-amid-calls-for-further-investigation/article_9bae945a-98ca-5742-b68c-cca9b4af2500.html,20260925T043000Z,wfmz.com,English,United States,,,,,murdered,no
2026-09-26T06:34:17.496269+00:00,physical_violence,Physical violence & killings,"Lawyers for Nolan Well family highlight cellphone data , autopsy report and push for investigation",http://www.rockymounttelegram.com/news/national/lawyers-for-nolan-wells-family-highlight-cellphone-data-autopsy-report-and-push-for-investigation/article_1f4df793-7ab2-5fcf-a09a-8ecc8155da40.html,20260925T041500Z,rockymounttelegram.com,English,United States,,,,,murdered,no
2026-09-26T06:34:17.496269+00:00,physical_violence,Physical violence & killings,Warped reason female Tennessee death row inmate is demanding all - woman firing squad after torturing love rival to death ... as victim mom wants a front row seat,https://www.dailymail.com/crime-desk/article-16158445/christa-pike-tennessee-execution-firing-squad.html,20260925T021500Z,dailymail.com,English,United States,,,,,murdered,no
2026-09-26T06:34:17.496269+00:00,physical_violence,Physical violence & killings,"Abdul El - Sayed Quietly Headlines Fundraiser Alongside Hamas - Loving Activist Who Urged Jews To Be Sent  Back to Poland , Speaker Who Backs Islamic Militants",https://freebeacon.com/democrats/abdul-el-sayed-quietly-headlines-fundraiser-alongside-hamas-loving-activist-who-urged-jews-to-be-sent-back-to-poland-speaker-who-backs-islamic-militants/,20260925T020000Z,freebeacon.com,English,United States,,,,,murdered,yes
2026-09-26T06:34:17.496269+00:00,physical_violence,Physical violence & killings,5 séries coreanas de ao para assistir na Netflix,https://www.oficinadanet.com.br/netflix/72866-series-coreanas-acao-para-assistir-netflix,20260925T011500Z,oficinadanet.com.br,Portuguese,Brazil,,,,,murdered,no
2026-09-26T06:34:17.496269+00:00,physical_violence,Physical violence & killings,The Weight of Two Worlds – Mishpacha,https://mishpacha.com/the-weight-of-two-worlds/,20260925T010000Z,mishpacha.com,English,Israel,,,,,murdered,no
2026-09-26T06:34:17.496269+00:00,physical_violence,Physical violence & killings,"Light and Darkness , Intertwined – Mishpacha",https://mishpacha.com/light-and-darkness-intertwined/,20260925T010000Z,mishpacha.com,English,Israel,,,,,murdered,no
2026-09-26T06:34:17.496269+00:00,physical_violence,Physical violence & killings,Full text : Netanyahu address at the U . N . General Assembly - Israel & Jewish News,https://www.jns.org/news/israel-news/full-text-netanyahus-address-at-the-u-n-general-assembly,20260925T004500Z,jns.org,English,Israel,,,,,murdered,no
2026-09-26T06:34:17.496269+00:00,physical_violence,Physical violence & killings,Fiscalía de Morelos investiga otras posibles omisiones en el caso de Claudia Tacoronte,https://www.sdpnoticias.com/estados/fiscalia-de-morelos-investiga-otras-posibles-omisiones-en-el-caso-de-claudia-tacoronte/,20260924T234500Z,sdpnoticias.com,Spanish,Mexico,,,,,murdered,no
2026-09-26T06:34:17.496269+00:00,physical_violence,Physical violence & killings,October 2026 TV Schedule : Printable What To Watch Calendar Premieres & Finales List,https://www.tvline.com/2268087/october-2026-tv-schedule-what-to-watch-printable-calendar-premieres-finales-list/,20260924T231500Z,tvline.com,English,United States,,,,,murdered,no
2026-09-26T06:34:17.496269+00:00,physical_violence,Physical violence & killings,Video : Estudiante de psicología fue apuñalada por resistir a robo en SJL por Exitosa Noticias,https://www.deperu.com/tv/ekagfEfFaHc.estudiante-de-psicologia-fue-apunalada-por-resistir-a-robo-en-sjl.UCxgO_rak_BKZP8VNVmYqbWg.html,20260924T214500Z,deperu.com,Spanish,United States,,,,,murdered,no
2026-09-26T06:34:17.496269+00:00,physical_violence,Physical violence & killings,The rise of the Jim Crow theobros,https://religionnews.com/2026/09/24/the-rise-of-the-jim-crow-theobros/,20260924T213000Z,religionnews.com,English,United States,,,,,murdered,no
2026-09-26T06:34:17.496269+00:00,physical_violence,Physical violence & killings,This . Is . Madness ... ,https://www.zerohedge.com/political/madness,20260924T211500Z,zerohedge.com,English,United States,,,,,murdered,no
2026-09-26T06:34:17.496269+00:00,physical_violence,Physical violence & killings,Lech Parell : Ponary to jedno z największych miejsc kaźni,https://dzieje.pl/wiadomosci/lech-parell-ponary-jedno-z-najwiekszych-miejsc-kazni,20260924T203000Z,dzieje.pl,Polish,Poland,,,,,murdered,no
2026-09-26T06:34:17.496269+00:00,physical_violence,Physical violence & killings,10 Cool Facts About The Hulk,https://listverse.com/2014/06/15/10-cool-facts-about-the-hulk/,20260924T203000Z,listverse.com,English,United States,,,,,murdered,no
2026-09-26T06:34:17.496269+00:00,physical_violence,Physical violence & killings,"इंदिरा गांधी की हत्या के बाद स्कूल नहीं गईं प्रियंका , राहुल के साथ घर पर की पढ़ाई - priyanka did not go to school after indira gandhi s assassination she studied a",https://www.punjabkesari.in/national/news/priyanka-did-not-go-to-school-after-indira-gandhi-s-assassination-she-studied-a-2382993,20260924T203000Z,punjabkesari.in,Hindi,India,,,,,murdered,no
2026-09-26T06:34:17.496269+00:00,physical_violence,Physical violence & killings,A chink of light,https://weeklyworker.co.uk/worker/1602/a-chink-of-light/,20260924T190000Z,weeklyworker.co.uk,English,United Kingdom,,,,,murdered,no
2026-09-26T06:34:17.496269+00:00,physical_violence,Physical violence & killings,Letters - Weekly Worker,https://weeklyworker.co.uk/worker/1602/letters/,20260924T190000Z,weeklyworker.co.uk,English,United Kingdom,,,,,murdered,no
2026-09-26T06:34:17.496269+00:00,physical_violence,Physical violence & killings,"हम बाहर नहीं जा सकते थे , राहुल के साथ घर पर पढ़ाई की ; इंदिरा गांधी की हत्या के बाद कैद जैसा था बचपन , प्रियंका गांधी ने सुनाया पुराना किस्सा",https://www.dainiktribuneonline.com/news/nation/we-couldnt-go-out-we-studied-at-home-with-rahul-priyanka-gandhi-recounts-an-anecdote-about-her-childhood-after-indira-gandhis-assassination/,20260924T190000Z,dainiktribuneonline.com,Hindi,India,,,,,murdered,no
2026-09-26T06:34:17.496269+00:00,physical_violence,Physical violence & killings,Premiere 100 Jahre Münchner Kammerspiele : Selbstbewusst den Schorf der Vergangenheit aufkratzen,https://taz.de/Premiere-100-Jahre-Muenchner-Kammerspiele/!6216062/,20260924T184500Z,taz.de,German,Germany,,,,,murdered,no
2026-09-26T06:34:17.496269+00:00,physical_violence,Physical violence & killings,Rostros de la violencia,https://lasillarota.com/opinion/columnas/2026/9/23/rostros-de-la-violencia-529742.html,20260924T170000Z,lasillarota.com,Spanish,Mexico,,,,,murdered,no
2026-09-26T06:34:17.496269+00:00,physical_violence,Physical violence & killings,Universitaria de 20 años es asesinada tras resistirse al robo de su celular cerca de estación de Línea 1 en SJL,https://larepublica.pe/sociedad/2026/09/24/universitaria-de-20-anos-es-asesinada-tras-resistirse-al-robo-de-su-celular-cerca-de-estacion-de-linea-1-en-sjl-868296,20260924T161500Z,larepublica.pe,Spanish,Peru,,,,,murdered,no
2026-09-26T06:34:17.496269+00:00,physical_violence,Physical violence & killings,Jak Niemcy i Litwini mordowali Polaków w Ponarach . 85 lat temu zaczęła się rzeź,"https://pch24.pl/wiadomosci/jak-niemcy-i-litwini-mordowali-polakow-w-ponarach-85-lat-temu-zaczela-sie-rzez,735906",20260924T154500Z,pch24.pl,Polish,Poland,,,,,murdered,no
2026-09-26T06:34:17.496269+00:00,physical_violence,Physical violence & killings,"  Ya la mataron , ¿ qué buscan ? ",https://www.eldiariodechihuahua.mx/estado/2026/sep/24/ya-la-mataron-que-buscan-840650.html,20260924T143000Z,eldiariodechihuahua.mx,Spanish,Mexico,,,,,murdered,no
2026-09-26T06:34:17.496269+00:00,physical_violence,Physical violence & killings,Hinter jedem Namen steht ein Schicksal : Ein Klassenfoto aus dem Jahr 1937 als Zeugnis jüdischen Lebens,https://www.juedische-allgemeine.de/kultur/hinter-jedem-namen-steht-ein-schicksal-ein-klassenfoto-aus-dem-jahr-1937-als-zeugnis-juedischen-lebens/,20260924T143000Z,juedische-allgemeine.de,German,Germany,,,,,murdered,no
2026-09-26T06:34:17.496269+00:00,physical_violence,Physical violence & killings,"El recuerdo de Claudia Tacoronte , Gaza y la financiación marcan el inicio del curso en la ULPGC : « Habrá acuerdo antes de los presupuestos » ",https://www.canarias7.es/sociedad/educacion/financiacion-universidades-publicas-marca-arranque-curso-ulpgc-20260924110354-nt.html,20260924T143000Z,canarias7.es,Spanish,Spain,,Palestine,,,murdered,no
2026-09-26T06:34:17.496269+00:00,physical_violence,Physical violence & killings,"Adam Puškár , obžalovaný z vraždy Daniela Tupého , kandiduje do zastupiteľstva v Stupave",https://www.noviny.sk/slovensko/1263504-adam-puskar-obzalovany-z-vrazdy-daniela-tupeho-kandiduje-do-zastupitelstva-v-stupave,20260924T143000Z,noviny.sk,Slovak,Slovak Republic,,,,,murdered,no
2026-09-26T06:34:17.496269+00:00,physical_violence,Physical violence & killings,Faces of Oct . 7 exhibition : The battle for memory is not over,http://www.jpost.com/opinion/article-908961,20260924T123000Z,jpost.com,English,Israel,,,,,murdered,no
2026-09-26T06:34:17.496269+00:00,physical_violence,Physical violence & killings,Edyta została skrzywdzona w dzieciństwie . Terapia wyciągnęła ją z otchłani,https://www.newsweek.pl/polska/spoleczenstwo/edyta-zostala-skrzywdzona-w-dziecinstwie-terapia-wyciagnela-ja-z-otchlani/2pv3dg6,20260924T104500Z,newsweek.pl,Polish,Poland,,,,,murdered,no
2026-09-26T06:34:17.496269+00:00,physical_violence,Physical violence & killings,La cuenta de Cuautla,https://www.ejecentral.com.mx/opinion/la-cuenta-de-cuautla,20260924T101500Z,ejecentral.com.mx,Spanish,Mexico,,,,,murdered,no
2026-09-26T06:34:17.496269+00:00,physical_violence,Physical violence & killings,En el espejo de Claudia Tacoronte,https://aguilarcamin.nexos.com.mx/en-el-espejo-de-claudia-tacoronte/,20260924T100000Z,aguilarcamin.nexos.com.mx,Spanish,Mexico,,,,,murdered,no
2026-09-26T06:34:17.496269+00:00,physical_violence,Physical violence & killings,  अप्पन समाचार  की ग्रामीण महिला पत्रकारों के प्रयासों को मिली सराहना,https://www.forwardpress.in/2026/09/news-bihar-community-media-appan-samachar/,20260924T090000Z,forwardpress.in,Hindi,India,,,,,murdered,no
2026-09-26T06:34:17.496269+00:00,physical_violence,Physical violence & killings,Rostros de la violencia,https://lasillarota.com/opinion/columnas/2026/9/24/rostros-de-la-violencia-529742.html,20260924T081500Z,lasillarota.com,Spanish,Mexico,,,,,murdered,no
2026-09-26T06:34:17.496269+00:00,physical_violence,Physical violence & killings,"UAE में भारतीय शख्स के 9 टुकड़े कर डिक्की में भरा , पत्नी और बेटा अब भी गायब , फोन पर टेक्सट मैसेज से परिवार को हुआ शक - udupi family man uae man body cut uae alwin prakash kunder",https://www.punjabkesari.in/national/news/udupi-family-man-uae-man-body-cut-uae-alwin-prakash-kunder-2382667,20260924T074500Z,punjabkesari.in,Hindi,India,,,,,murdered,no
2026-09-26T06:34:17.496269+00:00,physical_violence,Physical violence & killings,"What to watch : The Voice Grand Final , MKR , Mobland , Buzzkill and more",https://www.townsvillebulletin.com.au/entertainment/television/reviews-comedyhorror-buzzkill-premieres-on-tubi/news-story/4a7287e41c05c05542683d8c5b1b3eff?nk=30b58a088535cd0b5104a4b59da853b3-1790234215,20260924T073000Z,townsvillebulletin.com.au,English,Australia,,,,,murdered,no
2026-09-26T06:34:17.496269+00:00,physical_violence,Physical violence & killings,"What to watch : The Voice Grand Final , MKR , Mobland , Buzzkill and more",https://www.geelongadvertiser.com.au/entertainment/television/reviews-comedyhorror-buzzkill-premieres-on-tubi/news-story/4a7287e41c05c05542683d8c5b1b3eff?nk=9fa073e32d8096e1ce3d4bdbd13dd2de-1790233327,20260924T071500Z,geelongadvertiser.com.au,English,Australia,,,,,murdered,no
2026-09-26T06:34:17.496269+00:00,physical_violence,Physical violence & killings,  Unabomber  more part of  true crime  fad than film | Entertainment,https://www.galvnews.com/entertainment/free/unabomber-more-part-of-true-crime-fad-than-film/article_e7f524de-56e0-4256-95b1-7f5f4eda2c83.html,20260924T071500Z,galvnews.com,English,United States,,,,,murdered,no
2026-09-26T06:34:17.496269+00:00,surveillance_intimidation,"Surveillance, threats & intimidation",Come la sinistra americana sta cambiando idea sul  woke  ,https://www.ilpost.it/2026/09/04/sinistra-americana-woke/?homepagePosition=2.1&referrerPost=3687343,20260925T094500Z,ilpost.it,Italian,Italy,,,,,surveillance,no
2026-09-26T06:34:17.496269+00:00,surveillance_intimidation,"Surveillance, threats & intimidation","Iran News in Brief – September 25 , 2026",https://www.ncr-iran.org/en/news/iran-news-in-brief-september-25-2026/,20260925T094500Z,ncr-iran.org,English,Iran,,,,,surveillance,no
2026-09-26T06:34:17.496269+00:00,surveillance_intimidation,"Surveillance, threats & intimidation","  Des cris , des coups , des attouchements  : un intervenant mis en examen pour agression sexuelle , viol et violence sur 22 enfants dune école maternelle à Paris",https://www.femmeactuelle.fr/actu/news-actu/des-cris-des-coups-des-attouchements-un-intervenant-mis-en-examen-pour-agression-sexuelle-viol-et-violence-sur-22-enfants-dune-ecole-maternelle-a-paris-2211866,20260925T093000Z,femmeactuelle.fr,French,France,,,,,surveillance,no
2026-09-26T06:34:17.496269+00:00,surveillance_intimidation,"Surveillance, threats & intimidation",جامعة القاهرة تعزز منظومة الرعاية الحرجة بقصر العيني بافتتاح وحدتين بعد التطوير,https://www.dostor.org/5715073,20260925T084500Z,dostor.org,Arabic,Egypt,,,,,surveillance,no
2026-09-26T06:34:17.496269+00:00,surveillance_intimidation,"Surveillance, threats & intimidation",Mom living in nightmare after teenage daughter was shot dead inside family home - and her killer is still walking free,https://www.dailymail.com/crime-desk/article-16158879/Lilly-Bova-mother-suspect-shooting.html,20260925T081500Z,dailymail.com,English,United States,,,,,surveillance,no
2026-09-26T06:34:17.496269+00:00,surveillance_intimidation,"Surveillance, threats & intimidation","Crans Montana , laccusa del barista : « I Moretti intimidivano i dipendenti del locale » ",https://www.ilmattino.it/primopiano/esteri/crans_montana_barista_moretti_intimidivano_dipendenti_locale-9784666.html,20260925T081500Z,ilmattino.it,Italian,Italy,,,,,surveillance,no
2026-09-26T06:34:17.496269+00:00,surveillance_intimidation,"Surveillance, threats & intimidation","We want China out of Tibet : Tibetans , Uyghurs hold anti - China protests in Washington over Xis US visit",https://news.webindia123.com/news/Articles/World/20260925/4503289.html,20260925T073000Z,news.webindia123.com,English,India,,,,,surveillance,yes
2026-09-26T06:34:17.496269+00:00,surveillance_intimidation,"Surveillance, threats & intimidation",Hoy Tamaulipas - Columna Letras Prohibidas de Clemente Zapata M . Cabeza de Vaca la triste historia de quien prefirio las veredas,https://hoytamaulipas.net/notas/628089/Columna-Letras-Prohibidas-de-Clemente-Zapata-M.-Cabeza-de-Vaca-la-triste-historia-de-quien-prefirio-las-veredas.html,20260925T073000Z,hoytamaulipas.net,Spanish,Mexico,,,,,surveillance,no
2026-09-26T06:34:17.496269+00:00,surveillance_intimidation,"Surveillance, threats & intimidation",El PT cobra la factura,https://laverdad.com.mx/2026/09/el-pt-cobra-la-factura/,20260925T071500Z,laverdad.com.mx,Spanish,Mexico,,,,,surveillance,no
2026-09-26T06:34:17.496269+00:00,surveillance_intimidation,"Surveillance, threats & intimidation","Meta gözlükler geliyor , tehlikenin farkında mısınız ? ",https://www.sabah.com.tr/yazarlar/gunaydin/sb-mevlut_tezel/2026/09/25/meta-gozlukler-geliyor-tehlikenin-farkinda-misiniz,20260925T071500Z,sabah.com.tr,Turkish,Turkey,,,,,surveillance,no
2026-09-26T06:34:17.496269+00:00,surveillance_intimidation,"Surveillance, threats & intimidation",Los primeros casos de gripe y especialmente de covid llegan a Extremadura en plena ola de calor,https://www.hoy.es/extremadura/primeros-casos-gripe-especialmente-covid-llegan-extremadura-20260924204315-nt.html,20260925T071500Z,hoy.es,Spanish,Spain,,,,,surveillance,no
2026-09-26T06:34:17.496269+00:00,surveillance_intimidation,"Surveillance, threats & intimidation","Real Existing Degrowth - David E . Gilbert - Dark Degrowth : On Insurgence , Resurgence , and Going Dark",https://www.e-flux.com/architecture/real-existing-degrowth/6783060/dark-degrowth-on-insurgence-resurgence-and-going-dark,20260925T064500Z,e-flux.com,English,United States,,,,,surveillance,no
2026-09-26T06:34:17.496269+00:00,surveillance_intimidation,"Surveillance, threats & intimidation","  We want China out of Tibet : Tibetans , Uyghurs hold anti - China protests in Washington over Xi US visit",https://aninews.in/news/world/us/8220we-want-china-out-of-tibet8221-tibetans-uyghurs-hold-anti-china-protests-in-washington-over-xi8217s-us-visit20260925104859/,20260925T054500Z,aninews.in,English,India,,,,,surveillance,yes
2026-09-26T06:34:17.496269+00:00,surveillance_intimidation,"Surveillance, threats & intimidation","ABVP protest at BHU continues , students demand Chief Proctor removal over security lapses , auditorium allocation",https://aninews.in/news/national/general-news/abvp-protest-at-bhu-continues-students-demand-chief-proctor8217s-removal-over-security-lapses-auditorium-allocation20260925091648/,20260925T054500Z,aninews.in,English,India,,,,,surveillance,yes
2026-09-26T06:34:17.496269+00:00,surveillance_intimidation,"Surveillance, threats & intimidation",Aastha Kunj gang rape area was already a Delhi Police  dark spot ; but lighting gaps remained – Chennaionline,https://www.chennaionline.com/news/aastha-kunj-gang-rape-area-was-already-a-delhi-police-dark-spot-but-lighting-gaps-remained/,20260925T053000Z,chennaionline.com,English,India,,,,,surveillance,no
2026-09-26T06:34:17.496269+00:00,surveillance_intimidation,"Surveillance, threats & intimidation",سلام يخاطب العالم اليوم : استعادة الجنوب بدعم دولي وبقرار لبناني,https://anbaaonline.com/news/342632,20260925T053000Z,anbaaonline.com,Arabic,Lebanon,,,,,surveillance,no
2026-09-26T06:34:17.496269+00:00,surveillance_intimidation,"Surveillance, threats & intimidation",UAEMéx alista la edición 18 de la Carrera Atlética del Día de la y el Médico,https://unomasuno.com.mx/deportes/uaemex-alista-la-edicion-18-de-la-carrera-atletica-del-dia-de-la-y-el-medico/,20260925T020000Z,unomasuno.com.mx,Spanish,Mexico,,,,,surveillance,no
2026-09-26T06:34:17.496269+00:00,surveillance_intimidation,"Surveillance, threats & intimidation",عاوز 5 آلاف جنيه ، عبارة قادت سائق توكتوك لتفحم جثمانه وإلقائه في ترعة بالمنوفية,https://www.vetogate.com/5738022,20260925T020000Z,vetogate.com,Arabic,Egypt,,,,,surveillance,no
2026-09-26T06:34:17.496269+00:00,surveillance_intimidation,"Surveillance, threats & intimidation",החלימה מסרטן והקימה תוכנית למען חולים צעירים,https://www.mako.co.il/special-more_articles/Article-233b6c328f3a0a1027.htm,20260925T011500Z,mako.co.il,Hebrew,Israel,,,,,surveillance,no
2026-09-26T06:34:17.496269+00:00,surveillance_intimidation,"Surveillance, threats & intimidation",  Bad Boy For Life  investigates the culture that enabled Sean Comb alleged abuse,https://www.houstonpublicmedia.org/npr/2026/09/24/nx-s1-5978799/bad-boy-for-life-investigates-the-culture-that-enabled-sean-combs-alleged-abuse/,20260925T011500Z,houstonpublicmedia.org,English,United States,,,,,surveillance,no
2026-09-26T06:34:17.496269+00:00,surveillance_intimidation,"Surveillance, threats & intimidation",CDC latest youth behavior report offers a narrower look at teen health,"http://www.t-g.com/premium/stories/cdcs-latest-youth-behavior-report-offers-a-narrower-look-at-teen-health,232919",20260925T011500Z,t-g.com,English,United States,,,,,surveillance,no
2026-09-26T06:34:17.496269+00:00,surveillance_intimidation,"Surveillance, threats & intimidation",Hallan con vida a estudiante reportado como desaparecido ; estaba en su trabajo,https://www.excelsior.com.mx/nacional/hallan-con-vida-estudiante-reportado-como-desaparecido-estaba-trabajo,20260925T011500Z,excelsior.com.mx,Spanish,Mexico,,,,,surveillance,no
2026-09-26T06:34:17.496269+00:00,surveillance_intimidation,"Surveillance, threats & intimidation","Normalistas de Ayotzinapa cierran Periférico : vialidades afectadas , alternativas y todos los detalles de la protesta",https://www.ejecentral.com.mx/nuestro-eje/normalistas-de-ayotzinapa-cierran-periferico-vialidades-afectadas-alternativas-y-todos-los-detalles-de-la-protesta,20260925T010000Z,ejecentral.com.mx,Spanish,Mexico,,,,,surveillance,yes
2026-09-26T06:34:17.496269+00:00,surveillance_intimidation,"Surveillance, threats & intimidation",  Bad Boy For Life  revisits Sean Comb abuse : NPR,https://www.npr.org/transcripts/nx-s1-5978799,20260925T010000Z,npr.org,English,United States,,,,,surveillance,no
2026-09-26T06:34:17.496269+00:00,surveillance_intimidation,"Surveillance, threats & intimidation",Buckeye school struck by lightning minutes after students were let inside,https://www.azfamily.com/2026/09/24/buckeye-school-struck-by-lightning-minutes-after-students-were-let-inside/,20260925T004500Z,azfamily.com,English,United States,,,,,surveillance,no
2026-09-26T06:34:17.496269+00:00,surveillance_intimidation,"Surveillance, threats & intimidation",Japan Wagyu cattle : Australian beef producers gain rare access | The Land,https://www.theland.com.au/story/9354254/japan-wagyu-cattle-australian-beef-producers-gain-rare-access/,20260925T004500Z,theland.com.au,English,Australia,,,,,surveillance,no
2026-09-26T06:34:17.496269+00:00,surveillance_intimidation,"Surveillance, threats & intimidation","Kwara targets 100 , 000 MT milk , eyes job investment",https://punchng.com/kwara-targets-100000-mt-milk-eyes-job-investment/,20260925T003000Z,punchng.com,English,Nigeria,,,,,surveillance,no
2026-09-26T06:34:17.496269+00:00,surveillance_intimidation,"Surveillance, threats & intimidation",10 - year blackout cripples Oyo communities,https://punchng.com/10-year-blackout-cripples-oyo-communities/,20260925T003000Z,punchng.com,English,Nigeria,,,,,surveillance,no
2026-09-26T06:34:17.496269+00:00,surveillance_intimidation,"Surveillance, threats & intimidation",搬积案石头的人|刑警|破案|第一巨额抢劫案 _ 网易订阅,https://www.163.com/dy/article/L7G265IJ0514CDBK.html,20260925T000000Z,163.com,Chinese,China,,,,,surveillance,no
2026-09-26T06:34:17.496269+00:00,surveillance_intimidation,"Surveillance, threats & intimidation",Much - loved teacher sudden disappearance sparked desperate search for him ... but then the sinister truth emerged ending in his arrest,https://www.dailymail.com/crime-desk/article-16157441/Rogie-Legaspi-Baltimore-teacher-sexual-abuse-Pennsylvania.html,20260925T000000Z,dailymail.com,English,United States,,,,,surveillance,no
2026-09-26T06:34:17.496269+00:00,surveillance_intimidation,"Surveillance, threats & intimidation",BPD arrests 8 Tuesday near Seminary Park,https://www.idsnews.com/article/2026/09/bpd-arrests-8-tuesday-near-seminary-park,20260925T000000Z,idsnews.com,English,United States,,,,,surveillance,no
2026-09-26T06:34:17.496269+00:00,surveillance_intimidation,"Surveillance, threats & intimidation",Revuelo nacional : La polémica tarea que recibieron niños de primaria,https://www.elnuevodia.com.co/colombia/revuelo-nacionalla-polemica-tarea-que-recibieron-ninos-de-primaria-539866,20260924T234500Z,elnuevodia.com.co,Spanish,Colombia,,,,,surveillance,no
2026-09-26T06:34:17.496269+00:00,surveillance_intimidation,"Surveillance, threats & intimidation",IA no es Terminator,https://pulsoslp.com.mx/cienciaytecnologia/ia-no-es-terminator/2089007,20260924T234500Z,pulsoslp.com.mx,Spanish,Mexico,,,,,surveillance,no
2026-09-26T06:34:17.496269+00:00,surveillance_intimidation,"Surveillance, threats & intimidation",Controversia en Villa del Rosario por tarea escolar sobre insignias de Farc y ELN,https://www.pulzo.com/nacion/controversia-en-villa-del-rosario-por-tarea-escolar-sobre-insignias-de-farc-y-eln-PP5312665A,20260924T230000Z,pulzo.com,Spanish,Colombia,,,,,surveillance,no
2026-09-26T06:34:17.496269+00:00,surveillance_intimidation,"Surveillance, threats & intimidation",Warrants lead to second arrest of man in west Alabama,https://www.wbrc.com/2026/09/24/warrants-lead-second-arrest-man-west-alabama/,20260924T230000Z,wbrc.com,English,United States,,,,,surveillance,no
2026-09-26T06:34:17.496269+00:00,surveillance_intimidation,"Surveillance, threats & intimidation",Japan Wagyu cattle : Australian beef producers gain rare access | Stock & Land,https://www.stockandland.com.au/story/9354254/japan-wagyu-cattle-australian-beef-producers-gain-rare-access/,20260924T224500Z,stockandland.com.au,English,Australia,,,,,surveillance,no
2026-09-26T06:34:17.496269+00:00,surveillance_intimidation,"Surveillance, threats & intimidation",Japan Wagyu cattle : Australian beef producers gain rare access | Stock Journal,https://www.stockjournal.com.au/story/9354254/japan-wagyu-cattle-australian-beef-producers-gain-rare-access/,20260924T224500Z,stockjournal.com.au,English,Australia,,,,,surveillance,no
2026-09-26T06:34:17.496269+00:00,surveillance_intimidation,"Surveillance, threats & intimidation",Smart City Projects Across Thailand : Where They Are Today,https://www.chiangraitimes.com/tech/smart-city-projects-thailand/,20260924T224500Z,chiangraitimes.com,English,Thailand,,,,,surveillance,no
2026-09-26T06:34:17.496269+00:00,surveillance_intimidation,"Surveillance, threats & intimidation",  Bad Boy For Life  investigates the culture that enabled Sean Comb alleged abuse,https://www.northcountrypublicradio.org/news/npr/nx-s1-5978799/bad-boy-for-life-investigates-the-culture-that-enabled-sean-combs-alleged-abuse,20260924T224500Z,northcountrypublicradio.org,English,United States,,,,,surveillance,no
2026-09-26T06:34:17.496269+00:00,surveillance_intimidation,"Surveillance, threats & intimidation",El repunte de covid en septiembre dispara la venta de tests : síntomas y datos del ISCIII,https://www.que.es/2026/09/24/repunte-covid-septiembre-tests/,20260924T221500Z,que.es,Spanish,Spain,,,,,surveillance,no
2026-09-26T06:34:17.496269+00:00,surveillance_intimidation,"Surveillance, threats & intimidation",Vinculan a proceso a conductor de plataforma por el feminicidio de Karla Margarita,https://www.sopitas.com/noticias/vinculacion-proceso-conductor-plataforma-feminicidio-karla-margarita/,20260924T221500Z,sopitas.com,Spanish,Mexico,,,,,surveillance,no
2026-09-26T06:34:17.496269+00:00,surveillance_intimidation,"Surveillance, threats & intimidation",Man found guilty of stabbing teen boy to death in Drexel Hill,https://www.nbcphiladelphia.com/news/local/man-found-guilty-of-stabbing-teen-boy-to-death-in-drexel-hill/4468832/,20260924T221500Z,nbcphiladelphia.com,English,United States,,,,,surveillance,no
2026-09-26T06:34:17.496269+00:00,surveillance_intimidation,"Surveillance, threats & intimidation","Marruecos vota entre una baja participación , el descontento de los jóvenes y la sombra de Ceuta",https://acento.com.do/france24/marruecos-vota-entre-una-baja-participacion-el-descontento-de-los-jovenes-y-la-sombra-de-ceuta-9758725.html,20260924T221500Z,acento.com.do,Spanish,Dominican Republic,,,,,surveillance,no
2026-09-26T06:34:17.496269+00:00,surveillance_intimidation,"Surveillance, threats & intimidation",Placa histórica de alunos da USP é furtada no centro de SP - 24 / 09 / 2026 - Educao,https://www1.folha.uol.com.br/educacao/2026/09/placa-que-homenageia-protesto-de-alunos-da-usp-em-1973-e-furtada-no-centro-de-sp.shtml,20260924T221500Z,folha.uol.com.br,Portuguese,Brazil,,,,,surveillance,no
2026-09-26T06:34:17.496269+00:00,surveillance_intimidation,"Surveillance, threats & intimidation",Colocan ofrenda para recordar a universitarias asesinadas en Morelos,https://www.eluniversal.com.mx/estados/colocan-ofrenda-para-recordar-a-universitarias-asesinadas-en-morelos-fiscal-rinde-informe-sobre-los-casos/,20260924T220000Z,eluniversal.com.mx,Spanish,Mexico,,,,,surveillance,no
2026-09-26T06:34:17.496269+00:00,surveillance_intimidation,"Surveillance, threats & intimidation",CCSD police : Henderson elementary worker slapped special needs boy,https://www.reviewjournal.com/crime/police-ccsd-elementary-worker-slapped-special-needs-boy-6-after-he-hit-her-3890682/,20260924T220000Z,reviewjournal.com,English,United States,,,,,surveillance,no
2026-09-26T06:34:17.496269+00:00,surveillance_intimidation,"Surveillance, threats & intimidation",Indo - Africa roundtable on WASH held as part of second India International WASH Conference during 9th IIWW 2026,http://www.azerbaijannews.net/news/279329583/indo-africa-roundtable-on-wash-held-as-part-of-second-india-international-wash-conference-during-9th-iiww-2026,20260924T213000Z,azerbaijannews.net,English,Azerbaijan,,,,,surveillance,no
2026-09-26T06:34:17.496269+00:00,surveillance_intimidation,"Surveillance, threats & intimidation",Japan Wagyu cattle : Australian beef producers gain rare access | Queensland Country Life,https://www.queenslandcountrylife.com.au/story/9354254/japan-wagyu-cattle-australian-beef-producers-gain-rare-access/,20260924T213000Z,queenslandcountrylife.com.au,English,Australia,,,,,surveillance,no
2026-09-26T06:34:17.496269+00:00,surveillance_intimidation,"Surveillance, threats & intimidation",Indo - Africa roundtable on WASH held as part of second India International WASH Conference during 9th IIWW 2026,http://www.bruneinews.net/news/279329583/indo-africa-roundtable-on-wash-held-as-part-of-second-india-international-wash-conference-during-9th-iiww-2026,20260924T211500Z,bruneinews.net,English,Malaysia,,,,,surveillance,no
2026-09-26T06:34:17.496269+00:00,surveillance_intimidation,"Surveillance, threats & intimidation",Despiden con dolor y clamor de justicia a Yoselin Sandoval en Otumba,https://edomex.quadratin.com.mx/despiden-con-dolor-y-clamor-de-justicia-a-yoselin-sandoval-en-otumba/,20260924T210000Z,edomex.quadratin.com.mx,Spanish,Mexico,,,,,surveillance,no
2026-09-26T06:34:17.496269+00:00,surveillance_intimidation,"Surveillance, threats & intimidation","Un professeur danglais mis en examen et écroué pour viol , agression sexuelle et violence sur 22 enfants dune école maternelle à Paris",https://www.rtl.fr/actu/justice-faits-divers/un-professeur-d-anglais-mis-en-examen-et-ecroue-pour-viol-agression-sexuelle-et-violence-sur-22-enfants-d-une-ecole-maternelle-a-paris-7900676730,20260924T210000Z,rtl.fr,French,France,,,,,surveillance,no
2026-09-26T06:34:17.496269+00:00,surveillance_intimidation,"Surveillance, threats & intimidation",Indo - Africa roundtable on WASH held as part of second India International WASH Conference during 9th IIWW 2026,http://www.asiabulletin.com/news/279329583/indo-africa-roundtable-on-wash-held-as-part-of-second-india-international-wash-conference-during-9th-iiww-2026,20260924T204500Z,asiabulletin.com,English,China,,,,,surveillance,no
2026-09-26T06:34:17.496269+00:00,surveillance_intimidation,"Surveillance, threats & intimidation",Deja violencia escolar a alumno con grave lesión - El Mercurio de Tamaulipas,https://elmercurio.com.mx/la-ciudad/deja-violencia-escolar-a-alumno-con-grave-lesion,20260924T204500Z,elmercurio.com.mx,Spanish,Mexico,,,,,surveillance,no
2026-09-26T06:34:17.496269+00:00,surveillance_intimidation,"Surveillance, threats & intimidation",Analyzing Gaotu Techedu ( NYSE : GOTU ) & ADT ( NYSE : ADT ) ,https://www.dailypolitical.com/2026/09/24/analyzing-gaotu-techedu-nysegotu-adt-nyseadt.html,20260924T204500Z,dailypolitical.com,English,United States,,,,,surveillance,no
2026-09-26T06:34:17.496269+00:00,surveillance_intimidation,"Surveillance, threats & intimidation",Japan Wagyu industry unlocks secrets behind $18k carcases | The Land,https://www.theland.com.au/story/9357095/japan-wagyu-industry-unlocks-secrets-behind-18k-carcases/,20260924T203000Z,theland.com.au,English,Australia,,,,,surveillance,no
2026-09-26T06:34:17.496269+00:00,surveillance_intimidation,"Surveillance, threats & intimidation",Uninterpretazione dellIntelligenza artificiale attraverso la lettura storica dei progressi della scienza con la valorizzazione marxiana del General Intellect ( Editoriale di Luciano Vasapollo ) ,https://www.farodiroma.it/uninterpretazione-dellintelligenza-artificiale-attraverso-la-lettura-storica-dei-progressi-della-scienza-con-la-valorizzazione-marxiana-del-general-intellect-editoriale-di-luciano-v/,20260924T203000Z,farodiroma.it,Italian,Italy,,,,,surveillance,no
2026-09-26T06:34:17.496269+00:00,surveillance_intimidation,"Surveillance, threats & intimidation","A un año del Fusarium R4T , Ecuador reporta cumplimiento del 96 , 75 % en fincas monitoreadas",https://www.expreso.ec/economia-y-negocios/ano-primer-foco-fusarium-r4t-ecuador-resalta-investigaciones-prevencion-fincas-296964.html,20260924T203000Z,expreso.ec,Spanish,Ecuador,,,,,surveillance,no
2026-09-26T06:34:17.496269+00:00,surveillance_intimidation,"Surveillance, threats & intimidation",Chinese president delivers White House address on second U . S . state visit,https://www.insidenova.com/news/national/chinese-president-delivers-white-house-address-on-second-u-s-state-visit/article_3bb7729e-cbbf-5459-a1f8-448e6ad34ac4.html,20260924T203000Z,insidenova.com,English,United States,,,,,surveillance,no
2026-09-26T06:34:17.496269+00:00,surveillance_intimidation,"Surveillance, threats & intimidation",Japan Wagyu cattle : Australian beef producers gain rare access | Farm Weekly,https://www.farmweekly.com.au/story/9354254/japan-wagyu-cattle-australian-beef-producers-gain-rare-access/,20260924T203000Z,farmweekly.com.au,English,Australia,,,,,surveillance,no
2026-09-26T06:34:17.496269+00:00,surveillance_intimidation,"Surveillance, threats & intimidation",Normalistas de Ayotzinapa realizan mitin en Periférico ; exigen reunión con presidenta de CNDH,https://www.excelsior.com.mx/ciudad-de-mexico/normalistas-ayotzinapa-realizan-mitin-periferico-exigen-reunion-con-presidenta-cndh,20260924T203000Z,excelsior.com.mx,Spanish,Mexico,,,,,surveillance,no
2026-09-26T06:34:17.496269+00:00,surveillance_intimidation,"Surveillance, threats & intimidation",Gas station heroin ? ,https://www.americanthinker.com/blog/2026/09/gas-station-heroin/,20260924T201500Z,americanthinker.com,English,United States,,,,,surveillance,no
2026-09-26T06:34:17.496269+00:00,surveillance_intimidation,"Surveillance, threats & intimidation",South Hadley could be first in Hampshire County to put stop - arm cameras on school buses,https://gazettenet.com/2026/09/24/south-hadley-could-be-first-in-hampshire-county-to-put-stop-arm-cameras-on-school-buses/,20260924T201500Z,gazettenet.com,English,United States,,,,,surveillance,no
2026-09-26T06:34:17.496269+00:00,surveillance_intimidation,"Surveillance, threats & intimidation",Indo - Africa roundtable on WASH held as part of second India International WASH Conference during 9th IIWW 2026,http://www.japanherald.com/news/279329583/indo-africa-roundtable-on-wash-held-as-part-of-second-india-international-wash-conference-during-9th-iiww-2026,20260924T200000Z,japanherald.com,English,Japan,,,,,surveillance,no
2026-09-26T06:34:17.496269+00:00,surveillance_intimidation,"Surveillance, threats & intimidation",newsroomamerica . com,https://newsroomamerica.com/?before=110291,20260924T200000Z,newsroomamerica.com,English,United States,,,,,surveillance,no
2026-09-26T06:34:17.496269+00:00,surveillance_intimidation,"Surveillance, threats & intimidation"," ¡ Más camiones ! Tras quejas , reforzarán ruta Loma de Rodriguera en Culiacán",https://lineadirectaportal.com/sinaloa/mas-camiones-tras-quejas-reforzaran-ruta-loma-de-rodriguera-en-culiacan-2026-09-24__1707856,20260924T200000Z,lineadirectaportal.com,Spanish,Mexico,,,,,surveillance,no
2026-09-26T06:34:17.496269+00:00,surveillance_intimidation,"Surveillance, threats & intimidation",Climate crisis is affecting children nutrition,https://theconversation.com/climate-crisis-is-affecting-childrens-nutrition-292745,20260924T200000Z,theconversation.com,English,Australia,,,,,surveillance,no
2026-09-26T06:34:17.496269+00:00,surveillance_intimidation,"Surveillance, threats & intimidation",Paris : un intervenant en anglais de maternelle écroué pour viol et agression sexuelle sur 22 enfants,https://www.tf1info.fr/justice-faits-divers/paris-un-intervenant-en-anglais-de-maternelle-ecroue-pour-viol-et-agression-sexuelle-sur-22-enfants-2466171.html,20260924T200000Z,tf1info.fr,French,,,,,,surveillance,no
2026-09-26T06:34:17.496269+00:00,surveillance_intimidation,"Surveillance, threats & intimidation",Paris  : le professeur danglais soupçonné de viols et dagressions sexuelles sur des enfants de 3 à 5 ans mis en examen et incarcéré,https://www.leparisien.fr/paris-75/paris-le-professeur-danglais-soupconne-de-viols-et-dagressions-sexuelles-sur-des-enfants-de-3-a-5-ans-mis-en-examen-et-incarcere-24-09-2026-2HQYOMU3TZGWHFKW73MS7KBRUA.php,20260924T194500Z,leparisien.fr,French,France,,,,,surveillance,no
2026-09-26T06:34:17.496269+00:00,surveillance_intimidation,"Surveillance, threats & intimidation","Delhi teen was raped at knifepoint , condom seized from park",https://www.rediff.com/news/report/delhi-aastha-kunj-park-rape-teen-raped-by-three-men/20260924.htm,20260924T194500Z,rediff.com,English,India,,,,,surveillance,no
2026-09-26T06:34:17.496269+00:00,surveillance_intimidation,"Surveillance, threats & intimidation","Man with knife , yelling  Heil Hitler ! chases Jewish student in Brooklyn , charged with hate crime : NYPD",https://www.nydailynews.com/2026/09/24/man-knife-yelling-heil-hitler-chases-jewish-student-yelling-hate-crime/,20260924T194500Z,nydailynews.com,English,United States,,,,,surveillance,no
2026-09-26T06:34:17.496269+00:00,surveillance_intimidation,"Surveillance, threats & intimidation",Late - Night Chaos Keeps Shibuya Police Busy,https://newsonjapan.com/article/150855.php,20260924T194500Z,newsonjapan.com,English,Japan,,,,,surveillance,no
2026-09-26T06:34:17.496269+00:00,surveillance_intimidation,"Surveillance, threats & intimidation",newsroomamerica . com,https://newsroomamerica.com/?before=110288,20260924T194500Z,newsroomamerica.com,English,United States,,,,,surveillance,no
2026-09-26T06:34:17.496269+00:00,surveillance_intimidation,"Surveillance, threats & intimidation",Chinese president delivers White House address on second U . S . state visit,https://www.vtcng.com/shelburnenews/state_and_world/world_news/chinese-president-delivers-white-house-address-on-second-u-s-state-visit/article_0259ae97-2a1a-503f-ba16-6409d2cc78a7.html,20260924T193000Z,vtcng.com,English,,,,,,surveillance,no
2026-09-26T06:34:17.496269+00:00,surveillance_intimidation,"Surveillance, threats & intimidation",Japan Wagyu cattle : Australian beef producers gain rare access | North Queensland Register,https://www.northqueenslandregister.com.au/story/9354254/japan-wagyu-cattle-australian-beef-producers-gain-rare-access/,20260924T193000Z,northqueenslandregister.com.au,English,Australia,,,,,surveillance,no
2026-09-26T06:34:17.496269+00:00,surveillance_intimidation,"Surveillance, threats & intimidation",ICE arrests at Philadelphia International evoke time when airport police helped military catch AWOL Vietnam War soldiers in 1960s,http://www.cambodiantimes.com/news/279328605/ice-arrests-at-philadelphia-international-evoke-time-when-airport-police-helped-military-catch-awol-vietnam-war-soldiers-in-1960s,20260924T191500Z,cambodiantimes.com,English,Cambodia,,,,,surveillance,no
2026-09-26T06:34:17.496269+00:00,surveillance_intimidation,"Surveillance, threats & intimidation",newsroomamerica . com,https://newsroomamerica.com/?before=110278,20260924T191500Z,newsroomamerica.com,English,United States,,,,,surveillance,no
2026-09-26T06:34:17.496269+00:00,surveillance_intimidation,"Surveillance, threats & intimidation",Indo - Africa roundtable on WASH held as part of second India International WASH Conference during 9th IIWW 2026,http://www.sierraleonetimes.com/news/279329583/indo-africa-roundtable-on-wash-held-as-part-of-second-india-international-wash-conference-during-9th-iiww-2026,20260924T191500Z,sierraleonetimes.com,English,Sierra Leone,,,,,surveillance,no
2026-09-26T06:34:17.496269+00:00,surveillance_intimidation,"Surveillance, threats & intimidation",Indo - Africa roundtable on WASH held as part of second India International WASH Conference during 9th IIWW 2026,http://www.cambodiantimes.com/news/279329583/indo-africa-roundtable-on-wash-held-as-part-of-second-india-international-wash-conference-during-9th-iiww-2026,20260924T191500Z,cambodiantimes.com,English,Cambodia,,,,,surveillance,no
2026-09-26T06:34:17.496269+00:00,surveillance_intimidation,"Surveillance, threats & intimidation",Indo - Africa roundtable on WASH held as part of second India International WASH Conference during 9th IIWW 2026,https://news.webindia123.com/news/Articles/World/20260924/4503163.html,20260924T191500Z,news.webindia123.com,English,India,,,,,surveillance,no
2026-09-26T06:34:17.496269+00:00,surveillance_intimidation,"Surveillance, threats & intimidation",Giannini annuncia misure di sicurezza per le scuole di Roma,https://www.notizie.it/prefetto-giannini-il-piano-per-proteggere-gli-istituti-romani/,20260924T191500Z,notizie.it,Italian,Italy,,,,,surveillance,no
2026-09-26T06:34:17.496269+00:00,surveillance_intimidation,"Surveillance, threats & intimidation",CDMX despliega 400 policías en caseta de Tlalpan ante llegada de normalistas de Ayotzinapa,https://www.sdpnoticias.com/estados/cdmx/cdmx-despliega-400-policias-en-caseta-de-tlalpan-ante-llegada-de-normalistas-de-ayotzinapa/,20260924T191500Z,sdpnoticias.com,Spanish,Mexico,,,,,surveillance,no
2026-09-26T06:34:17.496269+00:00,surveillance_intimidation,"Surveillance, threats & intimidation",Indo - Africa roundtable on WASH held as part of second India International WASH Conference during 9th IIWW 2026,http://www.bignewsnetwork.com/news/279329583/indo-africa-roundtable-on-wash-held-as-part-of-second-india-international-wash-conference-during-9th-iiww-2026,20260924T191500Z,bignewsnetwork.com,English,United States,,,,,surveillance,no
2026-09-26T06:34:17.496269+00:00,surveillance_intimidation,"Surveillance, threats & intimidation",تبرعات وتلاعب بدرجات الامتحانات وغش ودروس خصوصية .. معلمة تستقيل من عملها وتفضح فساد المنظومة التعليمية,https://www.fj-p.com/434888/%D8%AA%D8%A8%D8%B1%D8%B9%D8%A7%D8%AA-%D9%88%D8%AA%D9%84%D8%A7%D8%B9%D8%A8-%D8%A8%D8%AF%D8%B1%D8%AC%D8%A7%D8%AA-%D8%A7%D9%84%D8%A7%D9%85%D8%AA%D8%AD%D8%A7%D9%86%D8%A7%D8%AA-%D9%88%D8%BA%D8%B4-%D9%88/,20260924T190000Z,fj-p.com,Arabic,Egypt,,,,,surveillance,no
2026-09-26T06:34:17.496269+00:00,surveillance_intimidation,"Surveillance, threats & intimidation",newsroomamerica . com,https://newsroomamerica.com/?before=110276,20260924T190000Z,newsroomamerica.com,English,United States,,,,,surveillance,no
2026-09-26T06:34:17.496269+00:00,surveillance_intimidation,"Surveillance, threats & intimidation",SEP suspende clases por fuertes lluvias y primer puente escolar a finales de septiembre,https://www.terra.com.mx/nacionales/2026/9/24/sep-suspende-clases-por-fuertes-lluvias-y-primer-puente-escolar-a-finales-de-septiembre-72998.html,20260924T190000Z,terra.com.mx,Spanish,Mexico,,,,,surveillance,no
2026-09-26T06:34:17.496269+00:00,surveillance_intimidation,"Surveillance, threats & intimidation",Indo - Africa roundtable on WASH held as part of second India International WASH Conference during 9th IIWW 2026,http://www.calcuttanews.net/news/279329583/indo-africa-roundtable-on-wash-held-as-part-of-second-india-international-wash-conference-during-9th-iiww-2026,20260924T190000Z,calcuttanews.net,English,India,,,,,surveillance,no
2026-09-26T06:34:17.496269+00:00,surveillance_intimidation,"Surveillance, threats & intimidation",De la tecnología educativa a la tecnología como riesgo - Norte de Ciudad Juárez,https://nortedigital.mx/de-la-tecnologia-educativa-a-la-tecnologia-como-riesgo/,20260924T184500Z,nortedigital.mx,Spanish,Mexico,,,,,surveillance,no
2026-09-26T06:34:17.496269+00:00,surveillance_intimidation,"Surveillance, threats & intimidation","Crans - Montana , il testimone chiave rompe il silenzio : « Ecco cosa facevano i Moretti » ",https://www.leggo.it/esteri/news/24_settembre_2026_crans_montana_gaetan_thomas_barista_testimone_chiave_moretti_intimidivano_dipendenti_giallo_porta_sicurezza_oggi-9783552.html,20260924T180000Z,leggo.it,Italian,Italy,,,,,surveillance,no
2026-09-26T06:34:17.496269+00:00,surveillance_intimidation,"Surveillance, threats & intimidation",newsroomamerica . com,https://newsroomamerica.com/?before=110252,20260924T173000Z,newsroomamerica.com,English,United States,,,,,surveillance,no
2026-09-26T06:34:17.496269+00:00,surveillance_intimidation,"Surveillance, threats & intimidation",215 nuevas cotorras pintan los cielos de Margarita con sus vuelos durante 2026,https://notiactual.com/215-nuevas-cotorras-pintan-los-cielos-de-margarita-con-sus-vuelos-durante-2026/,20260924T173000Z,notiactual.com,Spanish,Venezuela,,,,,surveillance,no
2026-09-26T06:34:17.496269+00:00,surveillance_intimidation,"Surveillance, threats & intimidation",Opinion : Foreign police broke Canadian law and it keeps happening,https://theprovince.com/opinion/op-ed/opinion-foreign-police-broke-canadian-law-and-it-keeps-happening/wcm/ca7d3fe6-6435-4656-9e32-81b4f26fb799,20260924T171500Z,theprovince.com,English,Canada,,,,,surveillance,no
2026-09-26T06:34:17.496269+00:00,surveillance_intimidation,"Surveillance, threats & intimidation",النيابة تحقق في واقعة الاعتداء على ممرضة بشبين الكوم .. ونقابة التمريض تتابع الإجراءات القانوني,https://www.shorouknews.com/news/view.aspx?cdate=24092026&id=42796b16-3031-493b-8287-c945bf329410,20260924T160000Z,shorouknews.com,Arabic,Egypt,,,,,surveillance,no
2026-09-26T06:34:17.496269+00:00,surveillance_intimidation,"Surveillance, threats & intimidation",Could AI threaten humanity ? 8 Africans weigh the risks,https://techcabal.com/2026/09/24/could-ai-threaten-humanity-8-africans-weigh-the-risks/,20260924T160000Z,techcabal.com,English,Nigeria,,,,,surveillance,no
2026-09-26T06:34:17.496269+00:00,surveillance_intimidation,"Surveillance, threats & intimidation",OPINION : We need to stop Flock cameras before it too late | Opinion,https://www.redandblack.com/opinion/opinion-we-need-to-stop-flock-cameras-before-it-s-too-late/article_f192fac8-b5e3-4144-87dc-524df6da4229.html,20260924T154500Z,redandblack.com,English,United States,,,,,surveillance,no
2026-09-26T06:34:17.496269+00:00,surveillance_intimidation,"Surveillance, threats & intimidation",Surveillance video allegedly shows her striking student in cafeteria,https://www.ktiv.com/2026/09/24/school-worker-80-charged-with-abuse-after-allegedly-hitting-student/,20260924T143000Z,ktiv.com,English,United States,,,,,surveillance,no
2026-09-26T06:34:17.496269+00:00,surveillance_intimidation,"Surveillance, threats & intimidation",GVSU Issues Security Letter in Wake of a Number of  Incidents  Since School Began | 92 . 7 The Van WYVN,https://927thevan.com/2026/09/24/gvsu-issues-security-letter-in-wake-of-a-number-of-incidents-since-school-began/,20260924T143000Z,927thevan.com,English,United States,,,,,surveillance,no
2026-09-26T06:34:17.496269+00:00,surveillance_intimidation,"Surveillance, threats & intimidation",King College London Reinstates Pro - Palestine Student Usama Ghanem After Year - Long Campaign,https://roarnews.co.uk/2026/kings-college-london-reinstates-pro-palestine-student-after-year-long-campaign/,20260924T131500Z,roarnews.co.uk,English,United Kingdom,,Palestine,,,surveillance,no
2026-09-26T06:34:17.496269+00:00,surveillance_intimidation,"Surveillance, threats & intimidation","Ericsson , TSSC launch CoE in Mumbai for 5G , emerging tech skills",https://telecom.economictimes.indiatimes.com/news/5g-corner/ericsson-tssc-launch-coe-in-mumbai-for-5g-emerging-tech-skills/134462413,20260924T131500Z,telecom.economictimes.indiatimes.com,English,India,,,,,surveillance,no
2026-09-26T06:34:17.496269+00:00,surveillance_intimidation,"Surveillance, threats & intimidation",Jae Stephens : AUDACITY,https://pitchfork.com/reviews/albums/jae-stephens-audacity/,20260925T060000Z,pitchfork.com,English,United States,,,,,intimidated,no
2026-09-26T06:34:17.496269+00:00,surveillance_intimidation,"Surveillance, threats & intimidation","Democracy : Onaiyekan Challenges Politicians , INEC and Media to Protect Citizen Votes",https://thenewsnigeria.com.ng/2026/09/24/democracy-onaiyekan-challenges-politicians-inec-and-media-to-protect-citizens-votes/,20260924T210000Z,thenewsnigeria.com.ng,English,Nigeria,,,,,intimidated,no
2026-09-26T06:34:17.496269+00:00,surveillance_intimidation,"Surveillance, threats & intimidation",Father blames flatmates after BBA student suicide | Kolkata News,https://timesofindia.indiatimes.com/city/kolkata/father-blames-flatmates-after-bba-students-suicide/articleshow/134468319.cms,20260924T184500Z,timesofindia.indiatimes.com,English,India,,,,,intimidated,no
2026-09-26T06:34:17.496269+00:00,surveillance_intimidation,"Surveillance, threats & intimidation",CCSU President Toro resigns following bullying allegations,https://hartfordbusiness.com/article/ccsu-president-resigns-following-complaint-of-bullying-retaliation/,20260924T151500Z,hartfordbusiness.com,English,United States,,,,,intimidated,no
2026-09-26T06:34:17.496269+00:00,surveillance_intimidation,"Surveillance, threats & intimidation","The Exhale Studio , movement and wellness studio , opens in Amherst",https://www.morningjournal.com/2026/09/24/the-exhale-studio-movement-and-wellness-studio-opens-in-amherst/,20260924T143000Z,morningjournal.com,English,United States,,,,,intimidated,yes
2026-09-26T06:34:17.496269+00:00,surveillance_intimidation,"Surveillance, threats & intimidation",Girls Who Lift brings gender inclusivity to the gym,https://www.cavalierdaily.com/article/2026/09/girls-who-lift-brings-gender-inclusivity-to-the-gym,20260924T074500Z,cavalierdaily.com,English,United States,,,,,intimidated,no
2026-09-26T06:34:17.496269+00:00,surveillance_intimidation,"Surveillance, threats & intimidation",Câte încap într - o viață la 26 de ani ? Molnár Robert și prețul unui vis început devreme,https://covasnamedia.ro/actualitate/cate-incap-intr-o-viata-la-26-de-ani-molnar-robert-si-pretul-unui-vis-inceput-devreme,20260924T071500Z,covasnamedia.ro,Romanian,Romania,,,,,intimidated,no
2026-09-26T06:34:17.496269+00:00,delegitimization,Delegitimization & smear campaigns,Why it is reasonable to label Nathan Cofna race realism as pseudoscientific,https://www.skeptic.org.uk/2026/09/why-it-is-reasonable-to-label-nathan-cofnass-race-realism-as-pseudoscientific/,20260925T093000Z,skeptic.org.uk,English,United Kingdom,,,,,discredited,no
2026-09-26T06:34:17.496269+00:00,delegitimization,Delegitimization & smear campaigns,Padres de Ayotzinapa acusan a CNDH de proteger al Ejército con su recomendación,https://www.sdpnoticias.com/mexico/padres-de-ayotzinapa-acusan-a-cndh-de-proteger-al-ejercito-con-su-recomendacion/,20260924T234500Z,sdpnoticias.com,Spanish,Mexico,,,,,discredited,no
2026-09-26T06:34:17.496269+00:00,delegitimization,Delegitimization & smear campaigns,Recriminan padres de los 43 a CNDH por exculpar al Ejército,https://www.eldiariodechihuahua.mx/nacional/2026/sep/24/recriminan-padres-de-los-43-a-cndh-por-exculpar-al-ejercito-840896.html,20260924T221500Z,eldiariodechihuahua.mx,Spanish,Mexico,,,,,discredited,no
2026-09-26T06:34:17.496269+00:00,delegitimization,Delegitimization & smear campaigns,Visite du pape en France  : au pays de la soif,https://www.la-croix.com/a-vif/visite-du-pape-en-france-au-pays-de-la-soif-20260924,20260924T190000Z,la-croix.com,French,France,,,,,discredited,no
2026-09-26T06:34:17.496269+00:00,delegitimization,Delegitimization & smear campaigns,Philly activist confesses to faking Black and Palestinian heritage – NBC10 Philadelphia,https://www.nbcphiladelphia.com/news/national-international/philly-activist-confesses-faking-black-palestinian-roots/4468478/,20260924T134500Z,nbcphiladelphia.com,English,United States,,Palestine,,,discredited,yes
2026-09-27T06:35:08.377479+00:00,physical_violence,Physical violence & killings,"Historias más allá de las cifras : Mahya Nami , una niña de seis años , fue asesinada antes de poder regresar a la escuela",https://www.hispantv.com/noticias/opinion/661177/mas-alla-cifras-mahya-nami-nina-seis-anos-asesinada-escuela,20260927T050000Z,hispantv.com,Spanish,Syria,,,,,murdered,no
2026-09-27T06:35:08.377479+00:00,detention_arrest,Arrests & detention,Thousands protest ahead of Mexican president report on missing students,https://www.freemalaysiatoday.com/category/world/2026/09/27/thousands-protest-ahead-of-mexican-president-s-report-on-missing-students,20260927T063000Z,freemalaysiatoday.com,English,Malaysia,,,,,arrested,yes
2026-09-27T06:35:08.377479+00:00,detention_arrest,Arrests & detention,रांची : स्कूल हॉस्टल में 5वीं के छात्र से अप्राकृतिक यौन उत्पीड़न,https://www.prabhatkhabar.com/state/jharkhand/ranchi-5th-grader-sexually-assaulted-by-9th-grader-in-school-hostel-minor-arrested,20260927T063000Z,prabhatkhabar.com,Hindi,India,,,,,arrested,no
2026-09-27T06:35:08.377479+00:00,detention_arrest,Arrests & detention,Former tahfiz school head held over alleged sexual assault of 3 students,https://www.freemalaysiatoday.com/category/nation/2026/09/27/former-tahfiz-school-head-held-over-alleged-sexual-assault-of-3-students,20260927T063000Z,freemalaysiatoday.com,English,Malaysia,,,,,arrested,no
2026-09-27T06:35:08.377479+00:00,detention_arrest,Arrests & detention,Μαργαρίτα Παπανδρέου : Η Αμερικανίδα που έγινε Ελληνίδα … ,https://www.inewsgr.com/351/margarita-papandreou-i-amerikanida-pou-egine-ellinida.htm,20260927T063000Z,inewsgr.com,Greek,Greece,,,,,arrested,no
2026-09-27T06:35:08.377479+00:00,detention_arrest,Arrests & detention,大陆学生赴台交流恋上台湾  学姐  国家安全部 ： 她实为间谍 _ 央广网,https://news.cnr.cn/native/gd/20260927/t20260927_527826772.shtml,20260927T051500Z,news.cnr.cn,Chinese,,,,,,arrested,no
2026-09-27T06:35:08.377479+00:00,detention_arrest,Arrests & detention,Former tahfiz school head remanded in sexual assault probe,https://www.thestar.com.my/news/nation/2026/09/27/former-tahfiz-school-head-remanded-in-sexual-assault-probe,20260927T051500Z,thestar.com.my,English,Malaysia,,,,,arrested,no
2026-09-27T06:35:08.377479+00:00,detention_arrest,Arrests & detention,"Agustín Argüelles , el tribuno honrado",https://www.lavozdeasturias.es/noticia/opinion/2026/09/25/agustin-arguelles-tribuno-honrado/00031790328951792819300.htm,20260927T051500Z,lavozdeasturias.es,Spanish,Spain,,,,,arrested,no
2026-09-27T06:35:08.377479+00:00,detention_arrest,Arrests & detention,民進黨創黨40週年 ／ 代夫出征篇 - 只為讓世人知道先生是好人 那些年的美麗島太太們 | 政治,https://www.cna.com.tw:443/news/aipl/202609270027.aspx,20260927T051500Z,cna.com.tw,Chinese,Taiwan,,,,,arrested,no
2026-09-27T06:35:08.377479+00:00,detention_arrest,Arrests & detention,Joven de 17 años trata de asesinar a su padre tras hacer pregunta espeluznante a la IA,https://actualidad.rt.com/actualidad/629612-joven-17-anos-trato-asesinar,20260927T040000Z,actualidad.rt.com,Spanish,Russia,,,,,arrested,no
2026-09-27T06:35:08.377479+00:00,detention_arrest,Arrests & detention,Netflix New Legal Drama Is an Addictive Series You Can Binge This Weekend,https://screenrant.com/habeas-corpus-netflix-new-legal-drama/,20260927T040000Z,screenrant.com,English,United States,,,,,arrested,no
2026-09-27T06:35:08.377479+00:00,detention_arrest,Arrests & detention,Cách Quang Hùng MasterD đáp trả lời chê bai,https://baomoi.com/cach-quang-hung-masterd-dap-tra-loi-che-bai-c56141642.epi,20260927T040000Z,baomoi.com,Vietnamese,Vietnam,,,,,arrested,no
2026-09-27T06:35:08.377479+00:00,detention_arrest,Arrests & detention,Ladro seriale già in cella accusato di altri 7 colpi,https://www.zazoom.it/2026-09-27/ladro-seriale-gia-in-cella-accusato-di-altri-7-colpi/19728182/,20260927T040000Z,zazoom.it,Italian,Italy,,,,,arrested,no
2026-09-27T06:35:08.377479+00:00,detention_arrest,Arrests & detention,Il teatro della Contraddizione Il prezzo del biglietto è libero E con gli attori si discute di libri,https://www.zazoom.it/2026-09-27/il-teatro-della-contraddizione-il-prezzo-del-biglietto-e-libero-e-con-gli-attori-si-discute-di-libri/19728183/,20260927T040000Z,zazoom.it,Italian,Italy,,,,,arrested,no
2026-09-27T06:35:08.377479+00:00,detention_arrest,Arrests & detention,"Gaurangbhai Sureshbhai Kapariya ... vs State Of Gujarat on 1 September , 2026",https://indiankanoon.org/doc/60552265/,20260927T040000Z,indiankanoon.org,English,India,,,,,arrested,no
2026-09-27T06:35:08.377479+00:00,detention_arrest,Arrests & detention,"IIT - Bombay Student Case | आयआयटीमधील आत्महत्या , जबाबदार कोण ..? ",https://pudhari.news/features/bahar/iit-student-suicides-what-factors-are-behind-the-rising-concern-ap84,20260927T023000Z,pudhari.news,Marathi,,,,,,arrested,no
2026-09-27T06:35:08.377479+00:00,detention_arrest,Arrests & detention,Familiares marcham 12 anos após o desaparecimento de 43 estudantes no México,https://executivedigest.sapo.pt/familiares-marcham-12-anos-apos-o-desaparecimento-de-43-estudantes-no-mexico/,20260927T023000Z,executivedigest.sapo.pt,Portuguese,,,,,,arrested,no
2026-09-27T06:35:08.377479+00:00,detention_arrest,Arrests & detention,"A 12 años de su desaparición , recuerdan a normalistas de Ayotzinapa",https://www.excelsior.com.mx/ciudad-de-mexico/marcha-12-anos-desaparicion-normalistas-ayotzinapa,20260927T010000Z,excelsior.com.mx,Spanish,Mexico,,,,,arrested,no
2026-09-27T06:35:08.377479+00:00,detention_arrest,Arrests & detention,Venezuela releases dozens of prisoners following meeting between Trump and interim leader,https://www.the-messenger.com/news/world/article_6da6c43a-803a-50e1-a9aa-5dcd99818396.html,20260927T010000Z,the-messenger.com,English,United States,,,,,arrested,no
2026-09-27T06:35:08.377479+00:00,detention_arrest,Arrests & detention,Myanmar coup : Former Miss Grand International contestant on her journey from protest leader to resistance fighter and film star,https://www.theage.com.au/national/nsw/meet-the-beauty-queen-turned-freedom-fighter-who-made-her-home-in-australia-20260927-p60q73.html,20260927T010000Z,theage.com.au,English,Australia,,Myanmar,,,arrested,yes
2026-09-27T06:35:08.377479+00:00,detention_arrest,Arrests & detention,The Role of Goldman Sachs in Engineering Global Financial Crises,https://www.greanvillepost.com/the-role-of-goldman-sachs-in-engineering-global-financial-crises/,20260927T010000Z,greanvillepost.com,English,United States,,,,,arrested,no
2026-09-27T06:35:08.377479+00:00,detention_arrest,Arrests & detention,Venezuela releases dozens of prisoners following meeting between Trump and interim leader – Winnipeg Free Press,https://www.winnipegfreepress.com/world/2026/09/26/venezuela-releases-dozens-of-prisoners-following-meeting-between-trump-and-interim-leader,20260927T010000Z,winnipegfreepress.com,English,Canada,,,,,arrested,no
2026-09-27T06:35:08.377479+00:00,detention_arrest,Arrests & detention,Being cancelled took a heavy toll on my mental health . That why Im so fearful of Burnham new Ministry of Truth : TOBY YOUNG,https://www.dailymail.com/debate/article-16163103/cancelled-took-heavy-toll-mental-health-fearful-Burnham-new-Ministry-Truth-TOBY-YOUNG.html,20260927T003000Z,dailymail.com,English,United States,,,,,arrested,no
2026-09-27T06:35:08.377479+00:00,detention_arrest,Arrests & detention,"DU SUV harassment case : Three accused linked to varsity , police now probe  three - station  complaint delay",https://www.tribuneindia.com/news/delhi/du-suv-harassment-case-three-accused-linked-to-varsity-police-now-probe-three-station-complaint-delay/,20260927T003000Z,tribuneindia.com,English,India,,,,,arrested,no
2026-09-27T06:35:08.377479+00:00,detention_arrest,Arrests & detention,17 - year - old suspect identified in killing of Westbury High School senior,https://www.fox26houston.com/news/suspect-identified-killing-westbury-high-school-senior,20260927T003000Z,fox26houston.com,English,United States,,,,,arrested,no
2026-09-27T06:35:08.377479+00:00,detention_arrest,Arrests & detention,"Former Tomball ISD coach charged with indecency , sexual performance by a child",https://www.fox26houston.com/news/former-tomball-isd-coach-charged-indecency-sexual-performance-child,20260927T003000Z,fox26houston.com,English,United States,,,,,arrested,no
2026-09-27T06:35:08.377479+00:00,detention_arrest,Arrests & detention,올해  사이버 도박  검거된 10대만 267명 … 작년 전체 규모 넘었다,https://biz.heraldcorp.com/article/10885037,20260927T001500Z,biz.heraldcorp.com,Korean,South Korea,,,,,arrested,no
2026-09-27T06:35:08.377479+00:00,detention_arrest,Arrests & detention,Myanmar coup : Former Miss Grand International contestant on her journey from protest leader to resistance fighter and film star,https://www.brisbanetimes.com.au/national/nsw/meet-the-beauty-queen-turned-freedom-fighter-who-made-her-home-in-australia-20260927-p60q73.html,20260927T001500Z,brisbanetimes.com.au,English,Australia,,Myanmar,,,arrested,yes
2026-09-27T06:35:08.377479+00:00,detention_arrest,Arrests & detention,Jupiter High students take science out of the classroom for 30 - year fish study,https://cbs12.com/news/local/jupiter-high-students-take-science-out-of-the-classroom-for-30-year-fish-study-september-26-2026,20260927T001500Z,cbs12.com,English,United States,,,,,arrested,no
2026-09-27T06:35:08.377479+00:00,detention_arrest,Arrests & detention,  Unabomber : de brillante matemático a terrorista ; la historia de Ted Kaczynski que llegó a Netflix,https://www.eluniversal.com.mx/espectaculos/unabomber-de-brillante-matematico-a-terrorista-la-historia-de-ted-kaczynski-que-llego-a-netflix/,20260927T001500Z,eluniversal.com.mx,Spanish,Mexico,,,,,arrested,no
2026-09-27T06:35:08.377479+00:00,detention_arrest,Arrests & detention,Tributes for boy who died in hospital after shooting,https://www.cessnockadvertiser.com.au/story/9357145/tributes-for-boy-who-died-in-hospital-after-shooting/,20260925T093000Z,cessnockadvertiser.com.au,English,Australia,,,,,arrested,no
2026-09-27T06:35:08.377479+00:00,detention_arrest,Arrests & detention,Tributes for boy who died in hospital after shooting,https://www.edenmagnet.com.au/story/9357145/tributes-for-boy-who-died-in-hospital-after-shooting/,20260925T093000Z,edenmagnet.com.au,English,Australia,,,,,arrested,no
2026-09-27T06:35:08.377479+00:00,detention_arrest,Arrests & detention,"Narni . Pillole . Pellegrinaggio allo Speco , premio Waste carbon Free , porchetta a Vigne . Quindi oggi … ",https://terninrete.it/notizie-di-terni-narni-pillole-pellegrinaggio-allo-speco-premio-waste-carbon-free-porchetta-a-vigne-quindi-oggi/,20260925T093000Z,terninrete.it,Italian,Italy,,,,,arrested,no
2026-09-27T06:35:08.377479+00:00,detention_arrest,Arrests & detention,GOP lawmakers want crimes involving children to be bail eligible,https://www.observertoday.com/news/local-region/2026/09/gop-lawmakers-want-crimes-involving-children-to-be-bail-eligible/,20260925T091500Z,observertoday.com,English,United States,,,,,arrested,no
2026-09-27T06:35:08.377479+00:00,detention_arrest,Arrests & detention,"Pak PM Sharif dodges questions on Hafiz Saeed , terror at UN",https://www.rediff.com/news/report/pak-pm-sharif-dodges-questions-on-hafiz-saeed-terror-at-un/20260925.htm,20260925T091500Z,rediff.com,English,India,,,,,arrested,no
2026-09-27T06:35:08.377479+00:00,detention_arrest,Arrests & detention,"Tuyển Việt Nam thi đấu đầy quả cảm , tạo nên màn trình diễn không tưởng trước tuyển Trung Quốc",https://soha.vn/tuyen-viet-nam-thi-dau-day-qua-cam-tao-nen-man-trinh-dien-khong-tuong-truoc-tuyen-trung-quoc-198260925153547704.htm,20260925T091500Z,soha.vn,Vietnamese,Vietnam,,,,,arrested,no
2026-09-27T06:35:08.377479+00:00,detention_arrest,Arrests & detention,حدود القوة وانحسار الهيمنة .. الحركة الإسلامية السودانية ١٩٤٩ – ٢٠٢٦ ( 3,https://sudanile.com/%D8%AD%D8%AF%D9%88%D8%AF-%D8%A7%D9%84%D9%82%D9%88%D8%A9-%D9%88%D8%A7%D9%86%D8%AD%D8%B3%D8%A7%D8%B1-%D8%A7%D9%84%D9%87%D9%8A%D9%85%D9%86%D8%A9-%D8%A7%D9%84%D8%AD%D8%B1%D9%83%D8%A9-%D8%A7%D9%84%D8%A5-3/,20260925T091500Z,sudanile.com,Arabic,Sudan,,,,,arrested,no
2026-09-27T06:35:08.377479+00:00,detention_arrest,Arrests & detention,Lattaque de Belleville devrait servir de « signal dalarme » face à lantisémitisme,https://www.lecourriersud.com/nouvelles-nationales/lattaque-de-belleville-devrait-servir-de-signal-dalarme-face-a-lantisemitisme/,20260925T091500Z,lecourriersud.com,French,Canada,,,,,arrested,no
2026-09-27T06:35:08.377479+00:00,detention_arrest,Arrests & detention,Police arrest juvenile following threat against middle school in Imperial,https://www.ivpressonline.com/news/police-arrest-juvenile-following-threat-against-middle-school-in-imperial/article_01e15930-4c51-4b1c-959b-b22ff6ebc7db.html,20260925T084500Z,ivpressonline.com,English,United States,,,,,arrested,no
2026-09-27T06:35:08.377479+00:00,detention_arrest,Arrests & detention,Family devastated by death of kind man in  frenzied  attack,https://www.edp24.co.uk/news/26580519.family-devastated-death-kind-man-frenzied-attack/,20260925T081500Z,edp24.co.uk,English,United Kingdom,,,,,arrested,no
2026-09-27T06:35:08.377479+00:00,detention_arrest,Arrests & detention,Ινδία : Οι βιασμοί επιμένουν παρά τις αυστηρές ποινές – Το παγκόσμιο πρόβλημα της σεξουαλικής βίας,https://www.skai.gr/news/world/india-oi-viasmoi-epimenoun-para-tis-aystires-poines-to-pagkosmio-provlima-tis-seksoualikis,20260925T073000Z,skai.gr,Greek,Greece,,,,,arrested,no
2026-09-27T06:35:08.377479+00:00,detention_arrest,Arrests & detention,Families devastated after 7 - 1 vote to close Mt . Hermon upper school,https://www.wdsu.com/article/families-devastated-after-7-1-vote-to-close-mt-hermons-upper-school/73878799,20260925T073000Z,wdsu.com,English,United States,,,,,arrested,no
2026-09-27T06:35:08.377479+00:00,detention_arrest,Arrests & detention,Μασάο Αντάτσι : Ο 87χρονος Ιάπωνας « αντάρτης » του σινεμά επιστρέφει,https://www.sofokleousin.gr/eyzin/masao-antatsi-o-87xronos-iaponas-antartis-tou-sinema-epistrefei,20260925T071500Z,sofokleousin.gr,Greek,Greece,,,,,arrested,no
2026-09-27T06:35:08.377479+00:00,detention_arrest,Arrests & detention,Nghệ sĩ Hàn Quốc vừa nhảy hip hop vừa nấu phở gà,https://vnexpress.net/nghe-si-han-quoc-vua-nhay-hip-hop-vua-nau-pho-ga-5124441.html,20260925T071500Z,vnexpress.net,Vietnamese,Vietnam,,,,,arrested,no
2026-09-27T06:35:08.377479+00:00,detention_arrest,Arrests & detention,"നിതിൻ രാജിന്റെ ആത്മഹത്യ ; കോളേജ് പ്രിൻസിപ്പലും അധ്യാപികയും പ്രതിപ്പട്ടികയിൽ , മുൻകൂർ ജാമ്യഹർജി നൽകി",https://janayugomonline.com/nithin-rajs-suicide-college-principal-and-teacher-named-as-accused-anticipatory-bail-plea-filed/,20260925T071500Z,janayugomonline.com,Malayalam,India,,,,,arrested,no
2026-09-27T06:35:08.377479+00:00,detention_arrest,Arrests & detention,逾百联合国专家联署 吁全球遏制跨国镇压,https://www.epochtimes.com/gb/26/9/25/n14856969.htm,20260925T070000Z,epochtimes.com,Chinese,China,,,,,arrested,no
2026-09-27T06:35:08.377479+00:00,detention_arrest,Arrests & detention,Two Kuki student leaders from Manipur arrested by NIA in Mizoram,https://www.newindianexpress.com/india/2026/Sep/25/two-kuki-student-leaders-from-manipur-arrested-by-nia-in-mizoram,20260925T070000Z,newindianexpress.com,English,India,,,,,arrested,no
2026-09-27T06:35:08.377479+00:00,detention_arrest,Arrests & detention,Endonezyada öğrencisine cinsel saldırıdan hüküm giyen öğretmen gizlice tahliye edildi ! Mağdurlar onu hâlâ cezaevinde sanıyordu,https://www.haberler.com/dunya/endonezya-da-islami-okulda-cinsel-saldiridan-20269325-haberi/,20260925T070000Z,haberler.com,Turkish,Turkey,,,,,arrested,no
2026-09-27T06:35:08.377479+00:00,detention_arrest,Arrests & detention,"חפצים הושלכו , קריאות  אנטישמי  הוטחו : מהומה בביקור בנט בבני ברק",https://www.kipa.co.il/%D7%97%D7%93%D7%A9%D7%95%D7%AA/1232312-0/,20260925T070000Z,kipa.co.il,Hebrew,Israel,,,,,arrested,no
2026-09-27T06:35:08.377479+00:00,detention_arrest,Arrests & detention,Tributes for boy who died in hospital after shooting,https://www.juneesoutherncross.com.au/story/9357145/tributes-for-boy-who-died-in-hospital-after-shooting/,20260925T070000Z,juneesoutherncross.com.au,English,Australia,,,,,arrested,no
2026-09-27T06:35:08.377479+00:00,detention_arrest,Arrests & detention,"Three , including minor , arrested for alleged assault of minor girl in Thiruvananthapuram",https://www.thehindu.com/news/national/kerala/three-including-minor-arrested-for-alleged-assault-of-minor-girl-in-thiruvananthapuram/article71507382.ece,20260925T070000Z,thehindu.com,English,India,,,,,arrested,no
2026-09-27T06:35:08.377479+00:00,detention_arrest,Arrests & detention,Trực tiếp ĐT nữ Việt Nam vs ĐT nữ Trung Quốc tứ kết ASIAD 2026,http://vov.vn/the-thao/truc-tiep-dt-nu-viet-nam-0-0-dt-nu-trung-quoc-bich-thuy-dut-diem-chech-muc-tieu-post1335776.vov,20260925T070000Z,vov.vn,Vietnamese,Vietnam,,,,,arrested,no
2026-09-27T06:35:08.377479+00:00,detention_arrest,Arrests & detention,"बर्थडे का दिन बना बुरा सपना , दोस्त के मंदिर गई थी ; कालकाजी गैंगरे * प पीड़िता ने सुनाई आपबीती - birthday turned into a nightmare kalkaji gang ra pe victim recounts her ordeal",https://www.punjabkesari.in/national/news/birthday-turned-into-a-nightmare-kalkaji-gang-ra-pe-victim-recounts-her-ordeal-2383072,20260925T070000Z,punjabkesari.in,Hindi,India,,,,,arrested,no
2026-09-27T06:35:08.377479+00:00,detention_arrest,Arrests & detention,Сумбур и трепет : 120 лет со дня рождения Дмитрия Шостаковича,https://profile.ru/culture/sumbur-i-trepet-120-let-so-dnya-rozhdeniya-dmitriya-shostakovicha-1904214/,20260925T070000Z,profile.ru,Russian,Russia,,,,,arrested,no
2026-09-27T06:35:08.377479+00:00,detention_arrest,Arrests & detention,AP News in Brief at 12 : 04 a . m . EDT,http://www.hngnews.com/nation_world/ap-news-in-brief-at-12-04-a-m-edt/article_18c22fc7-9ed7-5928-b058-ccee32cfa0b6.html,20260925T070000Z,hngnews.com,English,United States,,,,,arrested,no
2026-09-27T06:35:08.377479+00:00,detention_arrest,Arrests & detention, „ Lietuvos Katalikų Bažnyčios kronikos  platintojas Paulius Petronis ir mažai žinomi jo pėdsakai,https://www.voruta.lt/lietuvos-kataliku-baznycios-kronikos-platintojas-paulius-petronis-ir-mazai-zinomi-jo-pedsakai/,20260925T064500Z,voruta.lt,Lithuanian,Lithuania,,,,,arrested,no
2026-09-27T06:35:08.377479+00:00,detention_arrest,Arrests & detention,Twisted teacher who started school FIGHT CLUB and encouraged children to attack each other is given shockingly lenient punishment,https://www.dailymail.com/news/article-16158289/Twisted-teacher-school-FIGHT-CLUB-given-lenient-punishment.html,20260925T064500Z,dailymail.com,English,United States,,,,,arrested,no
2026-09-27T06:35:08.377479+00:00,detention_arrest,Arrests & detention,"Mua đi bán lại sừng động vật quý , hiếm : Trả giá đắt vì thiếu hiểu biết pháp luật",https://baomoi.com/mua-di-ban-lai-sung-dong-vat-quy-hiem-tra-gia-dat-vi-thieu-hieu-biet-phap-luat-c56129774.epi,20260925T064500Z,baomoi.com,Vietnamese,Vietnam,,,,,arrested,no
2026-09-27T06:35:08.377479+00:00,detention_arrest,Arrests & detention,"Un terrorista que se escondió del FBI : La historia real de  Unabomber , película de crimen en Netflix – El Financiero",https://www.elfinanciero.com.mx/entretenimiento/2026/09/24/cual-es-la-historia-real-de-unabomber-nueva-pelicula-de-crimen-en-netflix/,20260925T064500Z,elfinanciero.com.mx,Spanish,Mexico,,,,,arrested,no
2026-09-27T06:35:08.377479+00:00,detention_arrest,Arrests & detention,"2 sene geçti , hâlâ yanıt bulunamadı : Rojine ne oldu ? ",https://www.birgun.net/haber/2-sene-gecti-hala-yanit-bulunamadi-rojine-ne-oldu-737152%20class=slide-link%20target=_blank,20260927T050000Z,birgun.net,Turkish,Turkey,,,,,detained,no
2026-09-27T06:35:08.377479+00:00,detention_arrest,Arrests & detention,"2 sene geçti , hâlâ yanıt bulunamadı : Rojine ne oldu ? ",https://www.birgun.net/haber/2-sene-gecti-hala-yanit-bulunamadi-rojine-ne-oldu-737152%20target=_blank,20260927T050000Z,birgun.net,Turkish,Turkey,,,,,detained,no
2026-09-27T06:35:08.377479+00:00,detention_arrest,Arrests & detention,"2 sene geçti , hâlâ yanıt bulunamadı : Rojine ne oldu ? ",https://www.birgun.net/haber/2-sene-gecti-hala-yanit-bulunamadi-rojine-ne-oldu-737152%20class=slide-legend-link%20target=_blank,20260927T050000Z,birgun.net,Turkish,Turkey,,,,,detained,no
2026-09-27T06:35:08.377479+00:00,detention_arrest,Arrests & detention,Hate takes many forms : 62 incidents targeting minorities in August,https://www.siasat.com/hate-takes-many-forms-62-incidents-targeting-minorities-in-august-3545805/,20260927T040000Z,siasat.com,English,India,,,,,detained,no
2026-09-27T06:35:08.377479+00:00,detention_arrest,Arrests & detention,"Academic Future Of Over 40 , 000 MP Nursing Students Remains Uncertain Amid Court Cases",https://www.freepressjournal.in/bhopal/academic-future-of-over-40000-mp-nursing-students-remains-uncertain-amid-court-cases,20260927T023000Z,freepressjournal.in,English,India,,,,,detained,no
2026-09-27T06:35:08.377479+00:00,detention_arrest,Arrests & detention,"2 sene geçti , hâlâ yanıt bulunamadı : Rojine ne oldu ? ",https://www.birgun.net/haber/2-sene-gecti-hala-yanit-bulunamadi-rojine-ne-oldu-737152%20target=_blank%20class=stretched-link,20260927T023000Z,birgun.net,Turkish,Turkey,,,,,detained,no
2026-09-27T06:35:08.377479+00:00,detention_arrest,Arrests & detention,"Un tânăr de 19 ani , agresat de un grup de persoane lângă un cămin studențesc . Șase suspecți , reținuți",https://www.zdg.md/stiri/un-tanar-de-19-ani-agresat-de-un-grup-de-persoane-langa-un-camin-studentesc-sase-suspecti-retinuti/,20260925T091500Z,zdg.md,Romanian,Moldova,,,,,detained,no
2026-09-27T06:35:08.377479+00:00,detention_arrest,Arrests & detention,Clipe de groază pentru un tânăr din Chișinău : a fost bătut și umilit de către un grup de adolescenți . Poliția a reținut mai multe persoane,https://protv.md/actualitate/clipe-de-groaza-pentru-un-tanar-din-chisinau-a-fost-batut-si-umilit-de-catre-un-grup-de-adolescenti-politia-a-retinut-mai-multe-persoane---2768149.html,20260925T091500Z,protv.md,Romanian,Moldova,,,,,detained,no
2026-09-27T06:35:08.377479+00:00,detention_arrest,Arrests & detention,Okul önündeki saldırıda YENİ GELİŞME ! ,https://www.yenikonya.com.tr/guncel/okul_onundeki_saldirida_yeni_gelisme-1985330,20260925T083000Z,yenikonya.com.tr,Turkish,Turkey,,,,,detained,no
2026-09-27T06:35:08.377479+00:00,detention_arrest,Arrests & detention,"Manisa Turgutluda saldırıda 11 öğrenci yaralandı , 10 şüpheli adliyeye sevk edildi",https://www.haberler.com/3-sayfa/manisa-turgutlu-da-saldirida-11-ogrenci-yaralandi-20269809-haberi/,20260925T083000Z,haberler.com,Turkish,Turkey,,,,,detained,no
2026-09-27T06:35:08.377479+00:00,detention_arrest,Arrests & detention,"Turgutluda okul civarında silahlı saldırı : 11 öğrenci yaralandı , 10 şüpheli adliyeye sevk edildi",https://www.haberport.com/haber/turgutluda-okul-civarinda-silahli-saldiri-11-ogrenci-yaralandi-10-supheli-adliyeye-sevk-edildi/36018,20260925T083000Z,haberport.com,Turkish,Turkey,,,,,detained,no
2026-09-27T06:35:08.377479+00:00,detention_arrest,Arrests & detention,"Manisa Turgutluda 11 öğrenci yaralandı , saldırıda 10 şüpheli adliyeye sevk edildi",https://www.haberler.com/guncel/manisa-turgutlu-da-11-ogrenci-yaralandi-saldirida-20269674-haberi/,20260925T081500Z,haberler.com,Turkish,Turkey,,,,,detained,no
2026-09-27T06:35:08.377479+00:00,detention_arrest,Arrests & detention,Manisadaki okul saldırısı : Saldırgan dahil 10 kişi adliyeye sevk edildi,https://www.birgun.net/haber/manisa-daki-okul-saldirisi-saldirgan-dahil-10-kisi-adliyeye-sevk-edildi-736810,20260925T081500Z,birgun.net,Turkish,Turkey,,,,,detained,no
2026-09-27T06:35:08.377479+00:00,detention_arrest,Arrests & detention,"Manisada okul saldırısında 10 şüpheli adliyeye sevk edildi – Güncel Haberler , Son Dakika Haberleri , Turktime Haber Portalı",https://www.turktime.com/haber/manisa-da-okul-saldirisinda-10-supheli-adliyeye-sevk-edildi/754846,20260925T073000Z,turktime.com,Turkish,Turkey,,,,,detained,no
2026-09-27T06:35:08.377479+00:00,detention_arrest,Arrests & detention,Turgutlu saldırganı ve ailesi adliyeye sevk edildi ... 10 şüpheli savcı karşısında,https://www.odatv.com/guncel/turgutlu-saldirgani-ve-ailesi-adliyeye-sevk-edildi-10-supheli-savci-karsisinda-120163988,20260925T071500Z,odatv.com,Turkish,Turkey,,,,,detained,no
2026-09-27T06:35:08.377479+00:00,detention_arrest,Arrests & detention,Manisada okul yakınındaki saldırıda gözaltına alınan 10 şüpheli adliyeye sevk edildi,https://www.ensonhaber.com/manisada-okul-yakinindaki-saldirida-gozaltina-alinan-10-supheli-adliyeye-sevk-edildi-h1568383,20260925T071500Z,ensonhaber.com,Turkish,Turkey,,,,,detained,no
2026-09-27T06:35:08.377479+00:00,detention_arrest,Arrests & detention,Manisada okul önündeki saldırıda yeni gelişme : Adliyeye sevk edildiler,https://www.ntv.com.tr/gundem/galeri-manisada-okul-onundeki-saldirida-yeni-gelisme-adliyeye-sevk-edildiler-1743393,20260925T071500Z,ntv.com.tr,Turkish,Turkey,,,,,detained,no
2026-09-27T06:35:08.377479+00:00,detention_arrest,Arrests & detention,Manisadaki okul saldırısına ilişkin gözaltına alınan 10 kişi adliyeye sevk edildi,https://www.evrensel.net/haber/6002008/manisadaki-okul-saldirisina-iliskin-gozaltina-alinan-10-kisi-adliyeye-sevk-edildi,20260925T064500Z,evrensel.net,Turkish,Turkey,,,,,detained,no
2026-09-27T06:35:08.377479+00:00,detention_arrest,Arrests & detention,11 öğrencinin yaralandığı silahlı saldırıda 10 şüpheli adliyeye sevk edildi,https://www.milliyet.com.tr/gundem/11-ogrencinin-yaralandigi-silahli-saldirida-10-supheli-adliyeye-sevk-edildi-7667119,20260925T064500Z,milliyet.com.tr,Turkish,Turkey,,,,,detained,no
2026-09-27T06:35:08.377479+00:00,detention_arrest,Arrests & detention,"UPDATE : Two dead , four apprehended in Friday night shooting in New Town",https://www.valleynewslive.com/2026/09/26/update-two-dead-four-apprehended-friday-night-shooting-new-town/,20260927T003000Z,valleynewslive.com,English,United States,,,,,taken into custody,no
2026-09-27T06:35:08.377479+00:00,detention_arrest,Arrests & detention,"Noida DM Plea : Lawyer Body Questions  Out - Of - Turn  Listing , Muting Of Supreme Court Hearing",https://www.oneindia.com/india/noida-dm-plea-lawyers-body-questions-out-of-turn-listing-muting-of-supreme-court-hearing-8215365.html,20260925T070000Z,oneindia.com,English,India,,,,,taken into custody,no
2026-09-27T06:35:08.377479+00:00,detention_arrest,Arrests & detention,After japa … When the dream meets reality,https://www.vanguardngr.com/2026/09/after-japa-when-the-dream-meets-reality/,20260925T064500Z,vanguardngr.com,English,Nigeria,,,,,taken into custody,no
2026-09-27T06:35:08.377479+00:00,legal_harassment,Legal harassment & lawfare,Mamdani genocide accusation : Why the silence on Iran ? ,https://www.israelnationalnews.com/news/433685,20260927T063000Z,israelnationalnews.com,English,Israel,,,,,prosecuted,no
2026-09-27T06:35:08.377479+00:00,legal_harassment,Legal harassment & lawfare,Family of Malaysian girl stabbed to death plans civil suit as mother asks if tragedy could have been prevented,https://www.asiaone.com/malaysia/yap-shing-xuen-case-civil-suit,20260925T093000Z,asiaone.com,English,Singapore,,,,,criminal case,no
2026-09-27T06:35:08.377479+00:00,institutional_sanction,Institutional & academic sanctions,Ξυλοκέρα : Ένα ιστορικό χωριό της Ηλείας που αρνείται να γίνει « φάντασμα » - PatrisNews,https://www.patrisnews.com/xylokera-ena-istoriko-chorio-tis-ileias-poy-arneitai-na-ginei-fantasma/,20260927T063000Z,patrisnews.com,Greek,Greece,,,,,expelled,no
2026-09-27T06:35:08.377479+00:00,institutional_sanction,Institutional & academic sanctions,LETTER : Racial disparities and faulty logic,https://www.reviewjournal.com/opinion/letters/letter-racial-disparities-and-faulty-logic-3891753/,20260927T051500Z,reviewjournal.com,English,United States,,,,,expelled,no
2026-09-27T06:35:08.377479+00:00,institutional_sanction,Institutional & academic sanctions,Primera Nacional : Chacarita volvió a perder y sigue en la zona de descenso :: Diario Pregon de Jujuy,https://www.pregon.com.ar/nota/-72717/2026/09/primera-nacional--chacarita-volvio-a-perder-y-sigue-en-la-zona-de-descenso,20260927T051500Z,pregon.com.ar,Spanish,Argentina,,,,,expelled,no
2026-09-27T06:35:08.377479+00:00,institutional_sanction,Institutional & academic sanctions,"Radiografía de las  fiestas privadas  en San Juan : ubicaciones secretas , cuánto cuestan las entradas y los avisos tras el caso Uriel",http://www.tiempodesanjuan.com/san-juan/radiografia-de-las-fiestas-privadas-en-san-juan-ubicaciones-secretas-cuanto-cuestan-las-entradas-y-los-avisos-tras-el-caso-uriel_1790448666,20260927T023000Z,tiempodesanjuan.com,Spanish,Argentina,,,,,expelled,no
2026-09-27T06:35:08.377479+00:00,institutional_sanction,Institutional & academic sanctions,Jorge Almirón tocó el cielo auriazul con las manos por la obtención de la Superliga Internacional,https://www.lacapital.com.ar/ovacion/jorge-almiron-toco-el-cielo-auriazul-las-manos-la-obtencion-la-superliga-internacional-n10283395.html,20260927T003000Z,lacapital.com.ar,Spanish,Argentina,,,,,expelled,no
2026-09-27T06:35:08.377479+00:00,institutional_sanction,Institutional & academic sanctions,Cano testigo de un partido con polémicas y final escandaloso,https://www.catamarcactual.com.ar/deportes/2026/9/26/cano-testigo-de-un-partido-con-polemicas-y-final-escandaloso-295474.html,20260927T003000Z,catamarcactual.com.ar,Spanish,Argentina,,,,,expelled,no
2026-09-27T06:35:08.377479+00:00,institutional_sanction,Institutional & academic sanctions,Lucha de clases en el capitalismo en crisis,https://kaosenlared.net/lucha-de-clases-en-el-capitalismo-en-crisis/,20260925T091500Z,kaosenlared.net,Spanish,Spain,,,,,expelled,no
2026-09-27T06:35:08.377479+00:00,institutional_sanction,Institutional & academic sanctions,Trump administration moves to limit fixes for systemic racism in schools,https://mymotherlode.com/news/national/11166868/trump-administration-moves-to-limit-fixes-for-systemic-racism-in-schools.html,20260925T081500Z,mymotherlode.com,English,United States,,,,,expelled,no
2026-09-27T06:35:08.377479+00:00,institutional_sanction,Institutional & academic sanctions,Trump administration moves to limit fixes for systemic racism in schools,http://www.rockymounttelegram.com/news/state/trump-administration-moves-to-limit-fixes-for-systemic-racism-in-schools/article_d575568e-639c-54aa-ad27-259991691f63.html,20260925T081500Z,rockymounttelegram.com,English,United States,,,,,expelled,no
2026-09-27T06:35:08.377479+00:00,institutional_sanction,Institutional & academic sanctions,"Journalists celebrated , inducted - Tribune Chronicle",https://www.tribtoday.com/news/local-news/2026/09/journalists-celebrated-inducted/,20260925T080000Z,tribtoday.com,English,United States,,,,,expelled,no
2026-09-27T06:35:08.377479+00:00,institutional_sanction,Institutional & academic sanctions,Trump administration moves to limit fixes for systemic racism in schools,https://listenupyall.com/2026/09/24/trump-administration-moves-to-limit-fixes-for-systemic-racism-in-schools/,20260925T071500Z,listenupyall.com,English,United States,,,,,expelled,no
2026-09-27T06:35:08.377479+00:00,institutional_sanction,Institutional & academic sanctions,Trump administration moves to limit fixes for systemic racism in schools,https://www.winchesterstar.com/associated_press/washington/trump-administration-moves-to-limit-fixes-for-systemic-racism-in-schools/article_696de3da-8ba2-58fe-a58b-58529ef26945.html,20260925T070000Z,winchesterstar.com,English,United States,,,,,expelled,no
2026-09-27T06:35:08.377479+00:00,institutional_sanction,Institutional & academic sanctions,关爱教师 传递幸福 - 中国教育新闻网,http://www.jyb.cn/rmtzgjyb/202605/t20260510_2111476294.html,20260927T063000Z,jyb.cn,Chinese,China,,,,,suspended,no
2026-09-27T06:35:08.377479+00:00,institutional_sanction,Institutional & academic sanctions,文化中国行｜水月同框迎中秋 _ 央广网,https://food.cnr.cn/gstj/20260927/t20260927_527826739.shtml,20260927T051500Z,food.cnr.cn,Chinese,,,,,,suspended,no
2026-09-27T06:35:08.377479+00:00,institutional_sanction,Institutional & academic sanctions,Indore Holkar Science College Acts Against Seven Students After Campus Fight,https://www.freepressjournal.in/indore/indores-holkar-science-college-acts-against-seven-students-after-campus-fight,20260927T023000Z,freepressjournal.in,English,India,,,,,suspended,yes
2026-09-27T06:35:08.377479+00:00,institutional_sanction,Institutional & academic sanctions,"Crece el conflicto universitario : paro de hasta 72 horas , reclamo salarial y una nueva marcha federal",https://www.elsol.com.ar/el-pais/crece-el-conflicto-universitario-paro-de-hasta-72-horas-reclamo-salarial-y-una-nueva-marcha-federal/,20260927T023000Z,elsol.com.ar,Spanish,Argentina,,,,,suspended,no
2026-09-27T06:35:08.377479+00:00,institutional_sanction,Institutional & academic sanctions,Verón increpó al árbitro Darío Herrera tras la derrota con Rosario Central :  Es culpa tuya  ,https://www.cadena3.com/noticia/futbol/veron-increpo-al-arbitro-dario-herrera-tras-la-derrota-con-rosario-central-es-culpa-tuya_598123,20260927T023000Z,cadena3.com,Spanish,Argentina,,,,,suspended,no
2026-09-27T06:35:08.377479+00:00,institutional_sanction,Institutional & academic sanctions,2026齐鲁超赛1 / 4决赛次回合 ， 烟台队3 : 0胜淄博队 ， 总比分4 : 0挺进四强 - 烟台要闻 - 水母网,https://news.shm.com.cn/2026-09/27/content_5508001.htm,20260927T010000Z,news.shm.com.cn,Chinese,China,,,,,suspended,no
2026-09-27T06:35:08.377479+00:00,institutional_sanction,Institutional & academic sanctions,El 42 % de los universitarios se saltan las clases : « Ni la mitad de los días vamos . Los profes no se lo curran » ,https://www.abc.es/sociedad/universitarios-saltan-clases-mitad-dias-vamos-profes-20260927015921-nt.html,20260927T003000Z,abc.es,Spanish,Spain,,,,,suspended,no
2026-09-27T06:35:08.377479+00:00,institutional_sanction,Institutional & academic sanctions,Trump cancela el financiamiento de servicios para refugiados e inmigrantes : legisladores de EE . UU . consideran medida como  ilegal  ,https://www.latercera.com/mundo/noticia/trump-cancela-el-financiamiento-de-servicios-para-refugiados-e-inmigrantes-legisladores-de-eeuu-consideran-medida-como-ilegal/,20260927T003000Z,latercera.com,Spanish,Chile,,,,,suspended,no
2026-09-27T06:35:08.377479+00:00,institutional_sanction,Institutional & academic sanctions, 【 新聞直擊 】「 海王星 」 出擊 ！ 俄導彈工廠遭猛打 鎧甲防空也挨炸 ！ | 烏克蘭 | 俄軍生產導彈 | 川習會,https://www.ntdtv.com/b5/2026/09/26/a104136649.html,20260927T001500Z,ntdtv.com,Chinese,China,,,,,suspended,no
2026-09-27T06:35:08.377479+00:00,institutional_sanction,Institutional & academic sanctions,"Lamezia , non risponde ai magistrati ragazzo che voleva accoltellare docente",https://www.lametino.it/cronaca/lamezia-non-risponde-ai-magistrati-ragazzo-che-voleva-accoltellare-docente.html,20260925T091500Z,lametino.it,Italian,Italy,,,,,suspended,no
2026-09-27T06:35:08.377479+00:00,institutional_sanction,Institutional & academic sanctions, « Non c  è mezzo posto libero per mettere le bici ». Pendolari in rivolta contro il Comune : al posto delle rastrelliere vuole mettere parcheggi per auto,https://www.ilgazzettino.it/nordest/pendolari_stazione_treviso_mancano_posti_parcheggi_biciclette-9784596.html,20260925T091500Z,ilgazzettino.it,Italian,Italy,,,,,suspended,no
2026-09-27T06:35:08.377479+00:00,institutional_sanction,Institutional & academic sanctions,  Why is this happening in institution like IIT ?: Union Minister Ramdas Athawale demands independent probe into Sahil Wakode death,https://aninews.in/news/national/general-news/8220why-is-this-happening-in-institution-like-iit8221-union-minister-ramdas-athawale-demands-independent-probe-into-sahil-wakodes-death20260925131515/,20260925T091500Z,aninews.in,English,India,,,,,suspended,yes
2026-09-27T06:35:08.377479+00:00,institutional_sanction,Institutional & academic sanctions,Politik är inte ett val mellan total seger och total kapitulation – Hufvudstadsbladet,https://www.hbl.fi/opinion/politik-ar-inte-ett-val-mellan-total-seger-och-total-kapitulation/,20260925T091500Z,hbl.fi,Swedish,Finland,,,,,suspended,no
2026-09-27T06:35:08.377479+00:00,institutional_sanction,Institutional & academic sanctions,كيف رفض البرهان الهدنة الانسانية الامريكية والحق السودان بامات طه ؟ ,https://sudanile.com/%D9%83%D9%8A%D9%81-%D8%B1%D9%81%D8%B6-%D8%A7%D9%84%D8%A8%D8%B1%D9%87%D8%A7%D9%86-%D8%A7%D9%84%D9%87%D8%AF%D9%86%D8%A9-%D8%A7%D9%84%D8%A7%D9%86%D8%B3%D8%A7%D9%86%D9%8A%D8%A9-%D8%A7%D9%84%D8%A7%D9%85-2/,20260925T091500Z,sudanile.com,Arabic,Sudan,,,,,suspended,no
2026-09-27T06:35:08.377479+00:00,institutional_sanction,Institutional & academic sanctions,列車故障冒白煙 ！ 他怒 「 5折學生票變原價 」 台鐵道歉了 | 生活 | 三立新聞網 SETN . COM,https://www.setn.com/news/1912847,20260925T084500Z,setn.com,Chinese,Taiwan,,,,,suspended,no
2026-09-27T06:35:08.377479+00:00,institutional_sanction,Institutional & academic sanctions,Service national : Les jeunes nés entre 2000 et 2006 appelés à régulariser leur situation avant le 2 octobre,https://africanmanager.com/service-national-les-jeunes-nes-entre-2000-et-2006-appeles-a-regulariser-leur-situation-avant-le-2-octobre/,20260925T081500Z,africanmanager.com,French,Tunisia,,,,,suspended,no
2026-09-27T06:35:08.377479+00:00,institutional_sanction,Institutional & academic sanctions,LYonne : un département qui grouille de petits bonheurs pour Yveline,https://www.ici.fr/emissions/les-petits-bonheurs-ici-auxerre/l-yonne-un-departement-qui-grouille-de-petits-bonheurs-pour-yveline-7028078,20260925T073000Z,ici.fr,French,,,,,,suspended,no
2026-09-27T06:35:08.377479+00:00,institutional_sanction,Institutional & academic sanctions,Just Stop Oil protesters sentenced for Radcliffe Camera paint stunt,https://www.thisisoxfordshire.co.uk/news/26579710.just-stop-oil-protesters-sentenced-radcliffe-camera-paint-stunt/,20260925T071500Z,thisisoxfordshire.co.uk,English,United Kingdom,,,,,suspended,yes
2026-09-27T06:35:08.377479+00:00,institutional_sanction,Institutional & academic sanctions,"Video : EXITOSA DEPORTES con ÓSCAR PAZ , JEAN RODRÍGUEZ y CARLOS PANEZ - 24 / 09 / 26 por Exitosa Noticias",https://www.deperu.com/tv/Ggfwzi9uFPI.exitosa-deportes-con-oscar-paz-jean-rodriguez-y-carlos-panez-24-09-26.UCxgO_rak_BKZP8VNVmYqbWg.html,20260925T071500Z,deperu.com,Spanish,United States,,,,,suspended,no
2026-09-27T06:35:08.377479+00:00,institutional_sanction,Institutional & academic sanctions,Seis hospitais dos EUA param de tratar adolescentes trans após acusao de fraude do governo Trump,https://g1.globo.com/saude/noticia/2026/09/25/seis-hospitais-dos-eua-param-de-tratar-adolescentes-trans-apos-acusacao-de-fraude-do-governo-trump.ghtml,20260925T071500Z,g1.globo.com,Portuguese,Brazil,,,,,suspended,no
2026-09-27T06:35:08.377479+00:00,institutional_sanction,Institutional & academic sanctions,"Un cirujano para la educación , por Joan Esculies",https://www.lavanguardia.com/politica/20260925/11643112/cirujano-educacion.html,20260925T070000Z,lavanguardia.com,Spanish,Spain,,,,,suspended,no
2026-09-28T06:39:57.434716+00:00,legal_harassment,Legal harassment & lawfare,"Asilo , la maestra risponde se guarda altrove : ma serve la prova",https://www.laleggepertutti.it/832743_asilo-la-maestra-risponde-se-guarda-altrove-ma-serve-la-prova,20260928T060000Z,laleggepertutti.it,Italian,Italy,,,,,lawsuit,no
2026-09-28T06:39:57.434716+00:00,legal_harassment,Legal harassment & lawfare,Phẫn nộ vụ 7 nam sinh trường ĐH danh giá bậc nhất nước Mỹ bị cáo buộc xâm hại một nữ sinh : Các đối tượng chỉ bị phạt viết bài luận ? ,https://cafebiz.vn/phan-no-vu-7-nam-sinh-truong-dh-danh-gia-bac-nhat-nuoc-my-bi-cao-buoc-xam-hai-mot-nu-sinh-cac-doi-tuong-chi-bi-phat-viet-bai-luan-176260928110456927.chn,20260928T060000Z,cafebiz.vn,Vietnamese,Vietnam,,,,,lawsuit,no
2026-09-28T06:39:57.434716+00:00,legal_harassment,Legal harassment & lawfare,The week in news : Students protest data centers ; early voting begins in Illinois,https://dailyillini.com/news-stories/around-campus/2026/09/27/the-week-in-news-3/,20260928T054500Z,dailyillini.com,English,United States,,,,,lawsuit,yes
2026-09-28T06:39:57.434716+00:00,legal_harassment,Legal harassment & lawfare,"  हमें दलित मत कहिए : SC / ST एक्ट में केस नहीं करेंगे , आरक्षण भी छोड़ेंगे , तमिलनाडु की DKV जाति का हृदय परिवर्तन",https://navbharattimes.indiatimes.com/india/iit-bombay-tamil-nadu-dkv-community-vowing-not-file-sc/st-act-want-to-give-up-reservation/articleshow/134532162.cms,20260928T053000Z,navbharattimes.indiatimes.com,Hindi,India,,,,,lawsuit,no
2026-09-28T06:39:57.434716+00:00,legal_harassment,Legal harassment & lawfare,Florence Pugh Expresses Outrage Over Cornell Sexual Assault Lawsuit and Campus Response,https://www.aceshowbiz.com/news/view/00262282.html,20260928T053000Z,aceshowbiz.com,English,United States,,,,,lawsuit,yes
2026-09-28T06:39:57.434716+00:00,legal_harassment,Legal harassment & lawfare,  It the destruction of a life ...: Josh Gad reacts to Cornell sexual assault lawsuit,https://aninews.in/news/entertainment/hollywood/its-the-destruction-of-a-life-josh-gad-reacts-to-cornell-sexual-assault-lawsuit20260928085632/,20260928T050000Z,aninews.in,English,India,,,,,lawsuit,no
2026-09-28T06:39:57.434716+00:00,legal_harassment,Legal harassment & lawfare,  It the destruction of a life ...: Josh Gad reacts to Cornell sexual assault lawsuit,https://news.webindia123.com/news/Articles/Entertainment/20260928/4504256.html,20260928T050000Z,news.webindia123.com,English,India,,,,,lawsuit,no
2026-09-28T06:39:57.434716+00:00,legal_harassment,Legal harassment & lawfare,New probe launched into horrific gang rape allegations against  Cornell Seven  after victim reveals she so traumatized she still cant sleep,https://www.dailymail.com/news/article-16165445/probe-launched-gang-rape-allegations-against-Cornell-Seven-victim.html,20260928T050000Z,dailymail.com,English,United States,,,,,lawsuit,no
2026-09-28T06:39:57.434716+00:00,legal_harassment,Legal harassment & lawfare,Lassessora Nardini rilancia | Anche i Comuni scelgano un addetto alle carceri,https://www.zazoom.it/2026-09-28/lassessora-nardini-rilancia-anche-i-comuni-scelgano-un-addetto-alle-carceri/19731247/,20260928T050000Z,zazoom.it,Italian,Italy,,,,,lawsuit,no
2026-09-28T06:39:57.434716+00:00,legal_harassment,Legal harassment & lawfare,  Its the destruction of a life ...: Josh Gad reacts to Cornell sexual assault lawsuit,https://www.livemint.com/entertainment/its-the-destruction-of-a-life-josh-gad-reacts-to-cornell-sexual-assault-lawsuit-11790566309877.html,20260928T041500Z,livemint.com,English,India,,,,,lawsuit,no
2026-09-28T06:39:57.434716+00:00,legal_harassment,Legal harassment & lawfare,Chris Conley Show Links | WSAU News / Talk 550 AM · 99 . 9 FM,https://wsau.com/2026/09/27/chris-conleys-substack/,20260928T033000Z,wsau.com,English,United States,,,,,lawsuit,no
2026-09-28T06:39:57.434716+00:00,legal_harassment,Legal harassment & lawfare,"  If you speak about it , we will silence you : Florence Pugh says Instagram blocked Cornell assault post",https://www.hindustantimes.com/world-news/us-news/if-you-speak-about-it-we-will-silence-you-florence-pugh-says-instagram-blocked-cornell-assault-post-101790554534354.html,20260928T033000Z,hindustantimes.com,English,India,,,,,lawsuit,no
2026-09-28T06:39:57.434716+00:00,legal_harassment,Legal harassment & lawfare,Florence Pugh calls on men to speak out after Cornell gang assault case,https://www.geo.tv/latest/683988-florence-pugh-calls-on-men-to-speak-out-after-cornell-gang-assault-case,20260928T024500Z,geo.tv,English,Pakistan,,,,,lawsuit,no
2026-09-28T06:39:57.434716+00:00,legal_harassment,Legal harassment & lawfare,通往自由繁荣之路 - 博客,https://blog.wenxuecity.com/myblog/84197/202609/20846.html,20260928T024500Z,blog.wenxuecity.com,Chinese,China,,,,,lawsuit,no
2026-09-28T06:39:57.434716+00:00,legal_harassment,Legal harassment & lawfare,"Faruqi & Faruqi , LLP Urges Lincoln Educational Services Corporation ( LINC ) Investors to Seek Counsel Before the November 10 , 2026 Lead Plaintiff Deadline in the Securities Class Action",https://www.wallstreet-online.de/nachricht/21439911-faruqi-faruqi-llp-urges-lincoln-educational-services-corporation-linc-investors-to-seek-counsel-before-the-november-10-2026-lead-plaintiff-deadline-the-securities-class-action,20260928T010000Z,wallstreet-online.de,English,Germany,,,,,lawsuit,no
2026-09-28T06:39:57.434716+00:00,legal_harassment,Legal harassment & lawfare,"Zagreb pred kolapsom .  Ne iznosite smeće , ne zovite taksije , vozite se sa susjedima  ",https://www.index.hr/vijesti/clanak/zagreb-pred-kolapsom-tomasevic-i-holding-objavili-upute-gradjanima/2839206.aspx?index_ref=homepage_comment_box_d&commentId=12103464,20260927T214500Z,index.hr,Croatian,Croatia,,,,,lawsuit,no
2026-09-28T06:39:57.434716+00:00,legal_harassment,Legal harassment & lawfare,"Zagreb pred kolapsom .  Ne iznosite smeće , ne zovite taksije , vozite se sa susjedima  ",https://www.index.hr/vijesti/clanak/zagreb-pred-kolapsom-tomasevic-i-holding-objavili-upute-gradjanima/2839206.aspx?index_ref=homepage_comment_box_d&commentId=12103300,20260927T211500Z,index.hr,Croatian,Croatia,,,,,lawsuit,no
2026-09-28T06:39:57.434716+00:00,legal_harassment,Legal harassment & lawfare,"Zagreb pred kolapsom .  Ne iznosite smeće , ne zovite taksije , vozite se sa susjedima  ",https://www.index.hr/vijesti/clanak/zagreb-pred-kolapsom-tomasevic-i-holding-objavili-upute-gradjanima/2839206.aspx?index_ref=homepage_comment_box_d&commentId=12103290,20260927T211500Z,index.hr,Croatian,Croatia,,,,,lawsuit,no
2026-09-28T06:39:57.434716+00:00,legal_harassment,Legal harassment & lawfare,"Zagreb pred kolapsom .  Ne iznosite smeće , ne zovite taksije , vozite se sa susjedima  ",https://www.index.hr/vijesti/clanak/zagreb-pred-kolapsom-tomasevic-i-holding-objavili-upute-gradjanima/2839206.aspx?index_ref=homepage_comment_box_d&commentId=12102797,20260927T201500Z,index.hr,Croatian,Croatia,,,,,lawsuit,no
2026-09-28T06:39:57.434716+00:00,legal_harassment,Legal harassment & lawfare,"Zagreb pred kolapsom .  Ne iznosite smeće , ne zovite taksije , vozite se sa susjedima  ",https://www.index.hr/vijesti/clanak/zagreb-pred-kolapsom-tomasevic-i-holding-objavili-upute-gradjanima/2839206.aspx?index_ref=homepage_comment_box_d&commentId=12102882,20260927T201500Z,index.hr,Croatian,Croatia,,,,,lawsuit,no
2026-09-28T06:39:57.434716+00:00,legal_harassment,Legal harassment & lawfare,"Zagreb pred kolapsom .  Ne iznosite smeće , ne zovite taksije , vozite se sa susjedima  ",https://www.index.hr/vijesti/clanak/zagreb-pred-kolapsom-tomasevic-i-holding-objavili-upute-gradjanima/2839206.aspx?index_ref=homepage_comment_box_d&commentId=12102904,20260927T201500Z,index.hr,Croatian,Croatia,,,,,lawsuit,no
2026-09-28T06:39:57.434716+00:00,legal_harassment,Legal harassment & lawfare,"Zagreb pred kolapsom .  Ne iznosite smeće , ne zovite taksije , vozite se sa susjedima  ",https://www.index.hr/vijesti/clanak/zagreb-pred-kolapsom-tomasevic-i-holding-objavili-upute-gradjanima/2839206.aspx?index_ref=homepage_comment_box_d&commentId=12102827,20260927T201500Z,index.hr,Croatian,Croatia,,,,,lawsuit,no
2026-09-28T06:39:57.434716+00:00,legal_harassment,Legal harassment & lawfare,"Zagreb pred kolapsom .  Ne iznosite smeće , ne zovite taksije , vozite se sa susjedima  ",https://www.index.hr/vijesti/clanak/zagreb-pred-kolapsom-tomasevic-i-holding-objavili-upute-gradjanima/2839206.aspx?index_ref=homepage_comment_box_d&commentId=12102791,20260927T201500Z,index.hr,Croatian,Croatia,,,,,lawsuit,no
2026-09-28T06:39:57.434716+00:00,legal_harassment,Legal harassment & lawfare,"Zagreb pred kolapsom .  Ne iznosite smeće , ne zovite taksije , vozite se sa susjedima  ",https://www.index.hr/vijesti/clanak/zagreb-pred-kolapsom-tomasevic-i-holding-objavili-upute-gradjanima/2839206.aspx?index_ref=homepage_comment_box_d&commentId=12102676,20260927T200000Z,index.hr,Croatian,Croatia,,,,,lawsuit,no
2026-09-28T06:39:57.434716+00:00,legal_harassment,Legal harassment & lawfare,"Zagreb pred kolapsom .  Ne iznosite smeće , ne zovite taksije , vozite se sa susjedima  ",https://www.index.hr/vijesti/clanak/zagreb-pred-kolapsom-tomasevic-i-holding-objavili-upute-gradjanima/2839206.aspx?index_ref=homepage_comment_box_d&commentId=12102635,20260927T200000Z,index.hr,Croatian,Croatia,,,,,lawsuit,no
2026-09-28T06:39:57.434716+00:00,legal_harassment,Legal harassment & lawfare,"Zagreb pred kolapsom .  Ne iznosite smeće , ne zovite taksije , vozite se sa susjedima  ",https://www.index.hr/vijesti/clanak/zagreb-pred-kolapsom-tomasevic-i-holding-objavili-upute-gradjanima/2839206.aspx?index_ref=homepage_comment_box_d&commentId=12102735,20260927T200000Z,index.hr,Croatian,Croatia,,,,,lawsuit,no
2026-09-28T06:39:57.434716+00:00,legal_harassment,Legal harassment & lawfare,"Zagreb pred kolapsom .  Ne iznosite smeće , ne zovite taksije , vozite se sa susjedima  ",https://www.index.hr/vijesti/clanak/zagreb-pred-kolapsom-tomasevic-i-holding-objavili-upute-gradjanima/2839206.aspx?index_ref=homepage_comment_box_d&commentId=12102688,20260927T200000Z,index.hr,Croatian,Croatia,,,,,lawsuit,no
2026-09-28T06:39:57.434716+00:00,legal_harassment,Legal harassment & lawfare,"Zagreb pred kolapsom .  Ne iznosite smeće , ne zovite taksije , vozite se sa susjedima  ",https://www.index.hr/vijesti/clanak/zagreb-pred-kolapsom-tomasevic-i-holding-objavili-upute-gradjanima/2839206.aspx?index_ref=homepage_comment_box_d&commentId=12102721,20260927T200000Z,index.hr,Croatian,Croatia,,,,,lawsuit,no
2026-09-28T06:39:57.434716+00:00,legal_harassment,Legal harassment & lawfare,"Zagreb pred kolapsom .  Ne iznosite smeće , ne zovite taksije , vozite se sa susjedima  ",https://www.index.hr/vijesti/clanak/zagreb-pred-kolapsom-tomasevic-i-holding-objavili-upute-gradjanima/2839206.aspx?index_ref=homepage_comment_box_d&commentId=12102659,20260927T200000Z,index.hr,Croatian,Croatia,,,,,lawsuit,no
2026-09-28T06:39:57.434716+00:00,legal_harassment,Legal harassment & lawfare,"Zagreb pred kolapsom .  Ne iznosite smeće , ne zovite taksije , vozite se sa susjedima  ",https://www.index.hr/vijesti/clanak/zagreb-pred-kolapsom-tomasevic-i-holding-objavili-upute-gradjanima/2839206.aspx?index_ref=homepage_comment_box_d&commentId=12102615,20260927T200000Z,index.hr,Croatian,Croatia,,,,,lawsuit,no
2026-09-28T06:39:57.434716+00:00,legal_harassment,Legal harassment & lawfare,في عيدها القومي .. وزير الأوقاف يضع حجر أساس عدد من المساجد بالوادي الجديد,https://www.dostor.org/5718397,20260927T200000Z,dostor.org,Arabic,Egypt,,,,,lawsuit,no
2026-09-28T06:39:57.434716+00:00,legal_harassment,Legal harassment & lawfare,"Zagreb pred kolapsom .  Ne iznosite smeće , ne zovite taksije , vozite se sa susjedima  ",https://www.index.hr/vijesti/clanak/zagreb-pred-kolapsom-tomasevic-i-holding-objavili-upute-gradjanima/2839206.aspx?index_ref=homepage_comment_box_d&commentId=12102696,20260927T200000Z,index.hr,Croatian,Croatia,,,,,lawsuit,no
2026-09-28T06:39:57.434716+00:00,legal_harassment,Legal harassment & lawfare,"Zagreb pred kolapsom .  Ne iznosite smeće , ne zovite taksije , vozite se sa susjedima  ",https://www.index.hr/vijesti/clanak/zagreb-pred-kolapsom-tomasevic-i-holding-objavili-upute-gradjanima/2839206.aspx?index_ref=homepage_comment_box_d&commentId=12102680,20260927T200000Z,index.hr,Croatian,Croatia,,,,,lawsuit,no
2026-09-28T06:39:57.434716+00:00,legal_harassment,Legal harassment & lawfare,"Zagreb pred kolapsom .  Ne iznosite smeće , ne zovite taksije , vozite se sa susjedima  ",https://www.index.hr/vijesti/clanak/zagreb-pred-kolapsom-tomasevic-i-holding-objavili-upute-gradjanima/2839206.aspx?index_ref=homepage_comment_box_d&commentId=12102601,20260927T194500Z,index.hr,Croatian,Croatia,,,,,lawsuit,no
2026-09-28T06:39:57.434716+00:00,legal_harassment,Legal harassment & lawfare,"Zagreb pred kolapsom .  Ne iznosite smeće , ne zovite taksije , vozite se sa susjedima  ",https://www.index.hr/vijesti/clanak/zagreb-pred-kolapsom-tomasevic-i-holding-objavili-upute-gradjanima/2839206.aspx?index_ref=homepage_comment_box_d&commentId=12102502,20260927T194500Z,index.hr,Croatian,Croatia,,,,,lawsuit,no
2026-09-28T06:39:57.434716+00:00,legal_harassment,Legal harassment & lawfare,"Zagreb pred kolapsom .  Ne iznosite smeće , ne zovite taksije , vozite se sa susjedima  ",https://www.index.hr/vijesti/clanak/zagreb-pred-kolapsom-tomasevic-i-holding-objavili-upute-gradjanima/2839206.aspx?index_ref=homepage_comment_box_d&commentId=12102521,20260927T194500Z,index.hr,Croatian,Croatia,,,,,lawsuit,no
2026-09-28T06:39:57.434716+00:00,legal_harassment,Legal harassment & lawfare,"Zagreb pred kolapsom .  Ne iznosite smeće , ne zovite taksije , vozite se sa susjedima  ",https://www.index.hr/vijesti/clanak/zagreb-pred-kolapsom-tomasevic-i-holding-objavili-upute-gradjanima/2839206.aspx?index_ref=homepage_comment_box_d&commentId=12102559,20260927T194500Z,index.hr,Croatian,Croatia,,,,,lawsuit,no
2026-09-28T06:39:57.434716+00:00,legal_harassment,Legal harassment & lawfare,DeSantis Bypasses Legal Rulemaking To Target Advocacy Groups,https://flaglerlive.com/rush-judgment/,20260927T194500Z,flaglerlive.com,English,United States,,,,,lawsuit,no
2026-09-28T06:39:57.434716+00:00,legal_harassment,Legal harassment & lawfare,"Zagreb pred kolapsom .  Ne iznosite smeće , ne zovite taksije , vozite se sa susjedima  ",https://www.index.hr/vijesti/clanak/zagreb-pred-kolapsom-tomasevic-i-holding-objavili-upute-gradjanima/2839206.aspx?index_ref=homepage_comment_box_d&commentId=12102530,20260927T194500Z,index.hr,Croatian,Croatia,,,,,lawsuit,no
2026-09-28T06:39:57.434716+00:00,legal_harassment,Legal harassment & lawfare,"Zagreb pred kolapsom .  Ne iznosite smeće , ne zovite taksije , vozite se sa susjedima  ",https://www.index.hr/vijesti/clanak/zagreb-pred-kolapsom-tomasevic-i-holding-objavili-upute-gradjanima/2839206.aspx?index_ref=homepage_comment_box_d&commentId=12102516,20260927T194500Z,index.hr,Croatian,Croatia,,,,,lawsuit,no
2026-09-28T06:39:57.434716+00:00,legal_harassment,Legal harassment & lawfare,"फोरेंसाइट - 2026 में विद्यार्थियों ने सुलझाए अपराध के रहस्य , वैज्ञानिक जांच से साक्ष्य तक दिखी फॉरेंसिक प्रतिभा",https://www.palpalindia.com/2026/09/27/gujrat-Forensight-2026-Students-Solve-Crime-Mysteries-Showcasing-Forensic-Talent-From-Scientific-Investigation-to-Evidence.html,20260927T183000Z,palpalindia.com,Hindi,India,,,,,lawsuit,no
2026-09-28T06:39:57.434716+00:00,legal_harassment,Legal harassment & lawfare,"After 5 years , ethnic studies rollout in Southern California classrooms is still a hodgepodge",https://www.dailybulletin.com/2026/09/27/after-5-years-ethnic-studies-rollout-in-southern-california-classrooms-is-still-a-hodgepodge/,20260927T174500Z,dailybulletin.com,English,United States,,,,,lawsuit,no
2026-09-28T06:39:57.434716+00:00,legal_harassment,Legal harassment & lawfare,LINC LAWSUIT ALERT : Levi & Korsinsky Notifies Lincoln Educational Services ... ,https://www.pr-inside.com/linc-lawsuit-alert-levi-korsinsky-notifies-lincoln-educational-services-r5227822.htm,20260927T174500Z,pr-inside.com,English,United States,,,,,lawsuit,no
2026-09-28T06:39:57.434716+00:00,legal_harassment,Legal harassment & lawfare,"Korea atrocities in Vietnam , in the words of those who saw and survived them",https://english.hani.co.kr/arti/english_edition/e_international/1079517.html,20260927T171500Z,english.hani.co.kr,English,South Korea,,,,,lawsuit,no
2026-09-28T06:39:57.434716+00:00,legal_harassment,Legal harassment & lawfare,Zapete dona a sordos monto de reparación pagado por Jean Alain,https://almomento.net/zapete-dona-a-sordos-monto-de-reparacion-pagado-por-jean-alain/,20260927T170000Z,almomento.net,Spanish,United States,,,,,lawsuit,no
2026-09-28T06:39:57.434716+00:00,legal_harassment,Legal harassment & lawfare,تأجيل استئناف سماح السعيد على حبسها في سب هالة صدقي لـ27 أكتوبر,https://www.dostor.org/5718115,20260927T170000Z,dostor.org,Arabic,Egypt,,,,,lawsuit,no
2026-09-28T06:39:57.434716+00:00,legal_harassment,Legal harassment & lawfare,"Gugat UU 21 / 2023 ke MK , Pemohon Minta Pelantikan Prabowo - Gibran Diulang di IKN",https://nasional.sindonews.com/read/1754335/13/gugat-uu-212023-ke-mk-pemohon-minta-pelantikan-prabowo-gibran-diulang-di-ikn-1790518167,20260927T161500Z,nasional.sindonews.com,Indonesian,Indonesia,,,,,lawsuit,no
2026-09-28T06:39:57.434716+00:00,legal_harassment,Legal harassment & lawfare,Jean Alain le pagó RD$ 2 . 4 millones a Marino Zapete por de indemnización : esto hizo el periodista con el dinero,https://acento.com.do/actualidad/jean-alain-le-pago-rd-2-4-millones-a-marino-zapete-por-de-indemnizacion-esto-hizo-el-periodista-con-el-dinero-9759921.html,20260927T161500Z,acento.com.do,Spanish,Dominican Republic,,,,,lawsuit,no
2026-09-28T06:39:57.434716+00:00,legal_harassment,Legal harassment & lawfare,"After 5 years , ethnic studies rollout in Southern California classrooms is still a hodgepodge",https://www.dailybreeze.com/2026/09/27/after-5-years-ethnic-studies-rollout-in-southern-california-classrooms-is-still-a-hodgepodge/,20260927T161500Z,dailybreeze.com,English,United States,,,,,lawsuit,no
2026-09-28T06:39:57.434716+00:00,legal_harassment,Legal harassment & lawfare,Convocan a la comunidad a sumarse a la jornada sobre la trata,https://diarioelargentino.com/gualeguaychu/convocan-a-la-comunidad-a-sumarse-a-la-jornada-provincial-de-capacitacion-sobre-trata-de-personas.htm,20260927T154500Z,diarioelargentino.com,Spanish,,,,,,lawsuit,no
2026-09-28T06:39:57.434716+00:00,legal_harassment,Legal harassment & lawfare,Pomerantz LLP Highlights Class Action Against Lincoln Educational Services ... ,https://www.pr-inside.com/pomerantz-llp-highlights-class-action-against-lincoln-educational-services-r5227797.htm,20260927T153000Z,pr-inside.com,English,United States,,,,,lawsuit,no
2026-09-28T06:39:57.434716+00:00,legal_harassment,Legal harassment & lawfare,"Students Create Uproar at LPU Over Alleged Rape of Female Student ; Case Registered , Jalandhar News in Hindi",https://www.khaskhabar.com/local/punjab/jalandhar-news/news-students-create-uproar-at-lpu-over-alleged-rape-of-female-student-case-registered-news-hindi-1-848291-KKN.html,20260927T143000Z,khaskhabar.com,Hindi,India,,,,,lawsuit,no
2026-09-28T06:39:57.434716+00:00,legal_harassment,Legal harassment & lawfare,平凡人做大事錄 ： 開欄文 - 時事論壇,https://city.udn.com/2976/7298305?raid=7298860,20260927T140000Z,city.udn.com,English,Taiwan,,,,,lawsuit,no
2026-09-28T06:39:57.434716+00:00,legal_harassment,Legal harassment & lawfare,﻿لضم المفردات .. تأجيل اسئتناف أسرة حبيبة الشماع على حكم إلزام أوبر بدفع 10 ملايين جنيه لـ27 ديسمبر المقبل,https://www.shorouknews.com/news/view.aspx?cdate=27092026&id=3747859d-37a7-4baa-a5bb-453d848bd2fb,20260927T140000Z,shorouknews.com,Arabic,Egypt,,,,,lawsuit,no
2026-09-28T06:39:57.434716+00:00,legal_harassment,Legal harassment & lawfare,"After 5 years , ethnic studies rollout in Southern California classrooms is still a hodgepodge",https://www.whittierdailynews.com/2026/09/27/after-5-years-ethnic-studies-rollout-in-southern-california-classrooms-is-still-a-hodgepodge/,20260927T140000Z,whittierdailynews.com,English,United States,,,,,lawsuit,no
2026-09-28T06:39:57.434716+00:00,legal_harassment,Legal harassment & lawfare,Napaść seksualna na Uniwersytecie Cornell . Ofiara pozywa uczelnię i bractwo studenckie,https://wiadomosci.onet.pl/swiat/napasc-seksualna-na-uniwersytecie-cornell-ofiara-pozywa-uczelnie-i-bractwo-studenckie/gyf5gk0,20260927T134500Z,wiadomosci.onet.pl,Polish,Poland,,,,,lawsuit,no
2026-09-28T06:39:57.434716+00:00,legal_harassment,Legal harassment & lawfare,الشيخ أيمن عبد الغني يستقبل وفدًا إندونيسيًّا,https://www.dostor.org/5717804,20260927T134500Z,dostor.org,Arabic,Egypt,,,,,lawsuit,no
2026-09-28T06:39:57.434716+00:00,legal_harassment,Legal harassment & lawfare,أيمن عبد الغني يستقبل وفدا إندونيسيا لبحث التعاون بين الأزهر ووزارة الشؤون الدينية,https://www.vetogate.com/5739501,20260927T131500Z,vetogate.com,Arabic,Egypt,,,,,lawsuit,no
2026-09-28T06:39:57.434716+00:00,legal_harassment,Legal harassment & lawfare,Student  drugged and gang raped  by seven frat boys at prestigious university,https://www.dailystar.co.uk/news/latest-news/student-drugged-gang-raped-seven-37707083,20260927T124500Z,dailystar.co.uk,English,United Kingdom,,,,,lawsuit,no
2026-09-28T06:39:57.434716+00:00,legal_harassment,Legal harassment & lawfare,قرار عاجل من المحكمة فى واقعة اتهام ناصر ماهر بالتعدى على فرد أمن بالتجمع,https://www.almasryalyoum.com/news/details/4369095,20260927T123000Z,almasryalyoum.com,Arabic,Egypt,,,,,lawsuit,no
2026-09-28T06:39:57.434716+00:00,legal_harassment,Legal harassment & lawfare,This weather threat costs us billions . And it about to get worse . ,https://www.vox.com/climate/504064/hail-damage-climate-change-insurance-science-ncar,20260927T120000Z,vox.com,English,United States,,,,,lawsuit,no
2026-09-28T06:39:57.434716+00:00,legal_harassment,Legal harassment & lawfare, 《 自然 》 揭秘 ： 假总部 、 假院士 、 真收钱 ， 大模型时代的新型学术骗局,https://www.163.com/dy/article/L7RQJ4SI05119734.html,20260927T110000Z,163.com,Chinese,China,,,,,lawsuit,no
2026-09-28T06:39:57.434716+00:00,legal_harassment,Legal harassment & lawfare,Telehealth makes care more accessible throughout CT . Is it safe ? ,https://www.courant.com/2026/09/27/ct-hospitals-are-using-telehealth-to-improve-access-to-care-some-question-safety/,20260927T110000Z,courant.com,English,United States,,,,,lawsuit,no
2026-09-28T06:39:57.434716+00:00,legal_harassment,Legal harassment & lawfare,Nearly 100 CT new laws,https://www.courant.com/2026/09/27/nearly-100-new-laws-take-effect-this-week-guns-artificial-intelligence-facial-recognition-ice-and-more/,20260927T110000Z,courant.com,English,United States,,,,,lawsuit,no
2026-09-28T06:39:57.434716+00:00,legal_harassment,Legal harassment & lawfare,  한국어 말뭉치  구축에 힘 되려 30년 세월 바쳤죠  ,https://www.hani.co.kr/arti/culture/religion/1279629.html,20260927T103000Z,hani.co.kr,Korean,South Korea,,,,,lawsuit,no
2026-09-28T06:39:57.434716+00:00,legal_harassment,Legal harassment & lawfare,Fighting tech influence on kids emerges as a focus for Pa . Attorney General Dave Sunday,https://www.thetimes-tribune.com/2026/09/27/fighting-techs-influence-on-kids-emerges-as-a-focus-for-pa-attorney-general-dave-sunday/,20260927T081500Z,thetimes-tribune.com,English,United States,,,,,lawsuit,no
2026-09-28T06:39:57.434716+00:00,legal_harassment,Legal harassment & lawfare,Korean student among seven sued over group sexual assault at Cornell University in New York,https://www.thestar.com.my/aseanplus/aseanplus-news/2026/09/27/korean-student-among-seven-sued-over-group-sexual-assault-at-cornell-university-in-new-york,20260927T074500Z,thestar.com.my,English,Malaysia,,,,,lawsuit,no
2026-09-28T06:39:57.434716+00:00,legal_harassment,Legal harassment & lawfare,Fighting tech influence on kids emerges as a focus for Pa . Attorney General Dave Sunday,https://www.standardspeaker.com/2026/09/27/fighting-techs-influence-on-kids-emerges-as-a-focus-for-pa-attorney-general-dave-sunday/,20260927T074500Z,standardspeaker.com,English,United States,,,,,lawsuit,no
2026-09-28T06:39:57.434716+00:00,legal_harassment,Legal harassment & lawfare,持续擦亮  平安  的国家名片|法治|治安|总书记|公共安全,https://www.163.com/news/article/L7REE5U6000189FH.html,20260927T073000Z,163.com,Chinese,China,,,,,lawsuit,no
2026-09-28T06:39:57.434716+00:00,legal_harassment,Legal harassment & lawfare,법정 가득 채운 퇴직 교사들은 울음을 삼켰다,https://www.ohmynews.com/NWS_Web/View/at_pg.aspx?CNTN_CD=A0003270428&PAGE_CD=N0002&BLCK_NO=&CMPT_CD=M0147,20260927T070000Z,ohmynews.com,Korean,South Korea,,,,,lawsuit,no
2026-09-28T06:39:57.434716+00:00,legal_harassment,Legal harassment & lawfare,持续擦亮  平安  的国家名片,https://www.stcn.com/article/detail/4199690.html,20260927T050000Z,stcn.com,Chinese,China,,,,,lawsuit,no
2026-09-28T06:39:57.434716+00:00,legal_harassment,Legal harassment & lawfare,Trường đại học nhắc nhở phó giáo sư sau phát ngôn về phụ nữ  lấy chồng vì tiền  ,https://vietnamnet.vn/truong-dai-hoc-nhac-nho-pho-giao-su-sau-phat-ngon-ve-phu-nu-lay-chong-vi-tien-2559111.html,20260927T040000Z,vietnamnet.vn,Vietnamese,Vietnam,,,,,lawsuit,no
2026-09-28T06:39:57.434716+00:00,legal_harassment,Legal harassment & lawfare,"ROSEN , GLOBAL INVESTOR COUNSEL , Encourages Lincoln Educational Services Corporation Investors to Secure Counsel Before Important Deadline in Securities Class Action - LINC",https://www.wallstreet-online.de/nachricht/21437610-rosen-global-investor-counsel-encourages-lincoln-educational-services-corporation-investors-to-secure-counsel-before-deadline-securities-class-action-linc,20260927T023000Z,wallstreet-online.de,English,Germany,,,,,lawsuit,no
2026-09-28T06:39:57.434716+00:00,legal_harassment,Legal harassment & lawfare,Securities Lawsuit Alert : Lincoln Educational Services Corporation ... ,https://www.pr-inside.com/securities-lawsuit-alert-lincoln-educational-services-corporation-r5227708.htm,20260927T003000Z,pr-inside.com,English,United States,,,,,lawsuit,no
2026-09-29T06:37:39.067162+00:00,physical_violence,Physical violence & killings,Prosecutor reopens probe into Cornell gang rape allegations after accuser files lawsuit,https://www.channelnewsasia.com/world/cornell-gang-rape-accusation-lawsuit-prosecutor-reopens-probe-6416271,20260929T061500Z,channelnewsasia.com,English,United States,,,,,assaulted,no
2026-09-29T06:37:39.067162+00:00,physical_violence,Physical violence & killings,Prosecutor reopens probe into Cornell gang rape allegations after accuser files lawsuit,https://www.caledonianrecord.com/news/national/prosecutor-reopens-probe-into-cornell-gang-rape-allegations-after-accuser-files-lawsuit/article_9430bbf8-2a36-525a-9e79-6a415be3d8fd.html,20260929T053000Z,caledonianrecord.com,English,United States,,,,,assaulted,no
2026-09-29T06:37:39.067162+00:00,physical_violence,Physical violence & killings,August 2026 Fact Check : 41 fake & misleading claims debunked,https://organiser.org/2026/09/29/383366/bharat/fact-check-41-fake-misleading-and-false-claims-that-circulated-across-bharat-in-august-2026/,20260929T053000Z,organiser.org,English,India,,,,,assaulted,no
2026-09-29T06:37:39.067162+00:00,physical_violence,Physical violence & killings,LSU student Title IX case prompts state lawmaker to call for review of process,https://www.knoe.com/2026/09/28/lsu-students-title-ix-case-prompts-state-lawmaker-call-review-process/,20260929T051500Z,knoe.com,English,United States,,,,,assaulted,no
2026-09-29T06:37:39.067162+00:00,physical_violence,Physical violence & killings,AP News Summary at 11 : 59 p . m . EDT,http://www.hngnews.com/nation_world/ap-news-summary-at-11-59-p-m-edt/article_899131f0-cc66-52fd-9ecc-b38efd089931.html,20260929T051500Z,hngnews.com,English,United States,,,,,assaulted,no
2026-09-29T06:37:39.067162+00:00,physical_violence,Physical violence & killings,AP News in Brief at 12 : 04 a . m . EDT,http://www.cecildaily.com/ap/nation/ap-news-in-brief-at-12-04-a-m-edt/article_82cada0f-e844-52b4-aaef-14a10e202fed.html,20260929T051500Z,cecildaily.com,English,United States,,,,,assaulted,no
2026-09-29T06:37:39.067162+00:00,physical_violence,Physical violence & killings,México abre cuatro nuevas líneas de investigación sobre la desaparición de los 43 estudiantes de Ayotzinapa,https://www.diariosigloxxi.com/texto-ep/mostrar/20260929045652/mexico-abre-cuatro-nuevas-lineas-investigacion-sobre-desaparicion-43-estudiantes-ayotzinapa,20260929T050000Z,diariosigloxxi.com,Spanish,Spain,,,,,assaulted,no
2026-09-29T06:37:39.067162+00:00,physical_violence,Physical violence & killings,AP News in Brief at 11 : 04 p . m . EDT,https://www.idahostatejournal.com/news/national/ap-news-in-brief-at-11-04-p-m-edt/article_bbafd461-7064-53ac-9b11-994df618c2a5.html,20260929T050000Z,idahostatejournal.com,English,United States,,,,,assaulted,no
2026-09-29T06:37:39.067162+00:00,physical_violence,Physical violence & killings,Prosecutor reopens probe into Cornell gang rape allegations after accuser files lawsuit,https://www.santafenewmexican.com/news/prosecutor-reopens-probe-into-cornell-gang-rape-allegations-after-accuser-files-lawsuit/article_f50c0209-5e50-54b6-a6e6-54d03e43a8cf.html,20260929T050000Z,santafenewmexican.com,English,United States,,,,,assaulted,no
2026-09-29T06:37:39.067162+00:00,physical_violence,Physical violence & killings,Prosecutor reopens probe into Cornell gang rape allegations after accuser files lawsuit,https://www.idahostatejournal.com/news/national/prosecutor-reopens-probe-into-cornell-gang-rape-allegations-after-accuser-files-lawsuit/article_653ad5b9-5285-578b-a9f8-41fcd5b4357b.html,20260929T050000Z,idahostatejournal.com,English,United States,,,,,assaulted,no
2026-09-29T06:37:39.067162+00:00,physical_violence,Physical violence & killings,Florence Pugh Accuses Instagram of  Protecting Rapist After Cornell Assault Post Is Restricted,https://www.ibtimes.co.uk/florence-pugh-instagram-cornell-assault-post-1822497,20260929T050000Z,ibtimes.co.uk,English,United Kingdom,,,,,assaulted,no
2026-09-29T06:37:39.067162+00:00,physical_violence,Physical violence & killings,Binghamton University Feminist Collective speaks out on Cornell University gang rape lawsuit,https://www.bupipedream.com/homecoming-issue-2026/binghamton-university-feminist-collective-speaks-out-on-cornell-university-gang-rape-lawsuit/188997/,20260929T050000Z,bupipedream.com,English,United States,,,,,assaulted,no
2026-09-29T06:37:39.067162+00:00,physical_violence,Physical violence & killings,Prosecutor reopens probe into Cornell gang rape allegations after accuser files lawsuit,https://www.wpxi.com/news/local/prosecutor-reopens-probe-into-cornell-gang-rape-allegations-after-accuser-files-lawsuit/3PLNLBVTINHVXC5J3FMXBFLFUQ/,20260929T050000Z,wpxi.com,English,United States,,,,,assaulted,no
2026-09-29T06:37:39.067162+00:00,physical_violence,Physical violence & killings,Prosecutor reopens probe into Cornell gang rape allegations after accuser files lawsuit,http://www.idahopress.com/ap_news/us/prosecutor-reopens-probe-into-cornell-gang-rape-allegations-after-accuser-files-lawsuit/article_6ebf3961-ed44-55c6-bd6c-ac72c83736fa.html,20260929T050000Z,idahopress.com,English,United States,,,,,assaulted,no
2026-09-29T06:37:39.067162+00:00,physical_violence,Physical violence & killings,Delhi : two Vikas Kalia Gang members apprehended after exchange of fire in Paharganj,https://aninews.in/news/national/general-news/delhi-two-vikas-kalia-gang-members-apprehended-after-exchange-of-fire-in-paharganj20260929083828/,20260929T044500Z,aninews.in,English,India,,,,,assaulted,no
2026-09-29T06:37:39.067162+00:00,physical_violence,Physical violence & killings,Delhi Sadar Bazar - Nabi Karim Firing : two wanted accused injured during Delhi Police shootout,https://aninews.in/news/national/general-news/delhi-sadar-bazar-nabi-karim-firing-two-wanted-accused-injured-during-delhi-police-shootout20260929084712/,20260929T044500Z,aninews.in,English,India,,,,,assaulted,no
2026-09-29T06:37:39.067162+00:00,physical_violence,Physical violence & killings,AP News in Brief at 12 : 04 a . m . EDT – Winnipeg Free Press,https://www.winnipegfreepress.com/world/2026/09/28/ap-news-in-brief-at-1204-a-m-edt-996,20260929T043000Z,winnipegfreepress.com,English,Canada,,,,,assaulted,no
2026-09-29T06:37:39.067162+00:00,physical_violence,Physical violence & killings,Penn UA responds to alleged  Cornell 7  gang rape incident - The Daily Pennsylvanian,https://www.thedp.com/article/2026/09/penn-ua-statement-cornell-alleged-gang-rape-sexual-violence,20260929T043000Z,thedp.com,English,United States,,,,,assaulted,no
2026-09-29T06:37:39.067162+00:00,physical_violence,Physical violence & killings,Delhi : two Vikas Kalia Gang members apprehended after exchange of fire in Paharganj,https://news.webindia123.com/news/Articles/India/20260929/4504707.html,20260929T043000Z,news.webindia123.com,English,India,,,,,assaulted,no
2026-09-29T06:37:39.067162+00:00,physical_violence,Physical violence & killings,Cornell Fraternity Lawsuit,https://www.goshennews.com/news/national_news/cornell-fraternity-lawsuit/image_e97b7ac2-9f42-5daf-bbae-66c420385677.html,20260929T043000Z,goshennews.com,English,United States,,,,,assaulted,no
2026-09-29T06:37:39.067162+00:00,physical_violence,Physical violence & killings,Prosecutor reopens probe into Cornell gang rape allegations after accuser files lawsuit,http://www.postregister.com/news/national/prosecutor-reopens-probe-into-cornell-gang-rape-allegations-after-accuser-files-lawsuit/article_46cb5939-3e0d-5d83-9dc4-85907a13f26a.html,20260929T043000Z,postregister.com,English,United States,,,,,assaulted,no
2026-09-29T06:37:39.067162+00:00,physical_violence,Physical violence & killings,"Former Cornell University student sues school , others , following alleged misconduct in 2024",https://www.weny.com/news/former-cornell-university-student-sues-school-others-following-alleged-misconduct-in-2024/article_43bc89d5-d126-4ef3-99ae-ee5cd1bab8f9.html,20260929T041500Z,weny.com,English,United States,,,,,assaulted,no
2026-09-29T06:37:39.067162+00:00,physical_violence,Physical violence & killings,Cornell fraternity alleged gang rape investigation reopened following civil lawsuit,https://www.fox5ny.com/news/cornell-fraternity-alleged-gang-rape-investigation-reopened-following-civil-lawsuit,20260929T041500Z,fox5ny.com,English,United States,,,,,assaulted,no
2026-09-29T06:37:39.067162+00:00,physical_violence,Physical violence & killings,Prosecutor Reopens Probe Into Cornell Gang Rape Allegations After Accuser Files Lawsuit,https://www.theepochtimes.com/us/prosecutor-reopens-probe-into-cornell-gang-rape-allegations-after-accuser-files-lawsuit-6095985,20260929T041500Z,theepochtimes.com,English,United States,,,,,assaulted,no
2026-09-29T06:37:39.067162+00:00,physical_violence,Physical violence & killings,UK students say group of men assaulted them near campus,https://www.wkyt.com/2026/09/29/uk-students-say-group-men-assaulted-them-near-campus/,20260929T040000Z,wkyt.com,English,United States,,,,,assaulted,yes
2026-09-29T06:37:39.067162+00:00,physical_violence,Physical violence & killings,Prosecutors are reopening a Cornell fraternity rape case . Here what we know,https://www.kgou.org/politics-and-government/2026-09-28/prosecutors-are-reopening-a-cornell-fraternity-rape-case-heres-what-we-know,20260929T033000Z,kgou.org,English,United States,,,,,assaulted,no
2026-09-29T06:37:39.067162+00:00,physical_violence,Physical violence & killings,Prosecutors are reopening a Cornell fraternity rape case . Here what we know,https://www.aspenpublicradio.org/2026-09-28/prosecutors-are-reopening-a-cornell-fraternity-rape-case-heres-what-we-know,20260929T033000Z,aspenpublicradio.org,English,United States,,,,,assaulted,no
2026-09-29T06:37:39.067162+00:00,physical_violence,Physical violence & killings,Prosecutors are reopening a Cornell fraternity rape case . Here what we know,https://www.kacu.org/2026-09-28/prosecutors-are-reopening-a-cornell-fraternity-rape-case-heres-what-we-know,20260929T033000Z,kacu.org,English,United States,,,,,assaulted,no
2026-09-29T06:37:39.067162+00:00,physical_violence,Physical violence & killings,AP News in Brief at 11 : 04 p . m . EDT,http://www.averyjournal.com/ap/national/ap-news-in-brief-at-11-04-p-m-edt/article_299103e6-00b6-5f31-8fa7-3ef4866e1c69.html,20260929T033000Z,averyjournal.com,English,United States,,,,,assaulted,no
2026-09-29T06:37:39.067162+00:00,physical_violence,Physical violence & killings,Prosecutor reopens probe into Cornell gang rape allegations after accuser files lawsuit,https://www.hindustantimes.com/education/news/prosecutor-reopens-probe-into-cornell-gang-rape-allegations-after-accuser-files-lawsuit-101790650846663.html,20260929T033000Z,hindustantimes.com,English,India,,,,,assaulted,no
2026-09-29T06:37:39.067162+00:00,physical_violence,Physical violence & killings,Prosecutor reopens probe into Cornell gang rape allegations,https://www.morningjournal.com/2026/09/28/cornell-gang-rape-investigation/,20260929T033000Z,morningjournal.com,English,United States,,,,,assaulted,no
2026-09-29T06:37:39.067162+00:00,physical_violence,Physical violence & killings,Prosecutors are reopening a Cornell fraternity rape case . Here what we know,https://www.wunc.org/national/2026-09-28/prosecutors-are-reopening-a-cornell-fraternity-rape-case-heres-what-we-know,20260929T033000Z,wunc.org,English,United States,,,,,assaulted,no
2026-09-29T06:37:39.067162+00:00,physical_violence,Physical violence & killings,AP News Summary at 10 : 59 p . m . EDT,http://www.averyjournal.com/ap/national/ap-news-summary-at-10-59-p-m-edt/article_5d7ecfd6-0f52-5027-ad60-969703dca534.html,20260929T033000Z,averyjournal.com,English,United States,,,,,assaulted,no
2026-09-29T06:37:39.067162+00:00,physical_violence,Physical violence & killings,México abre cuatro nuevas líneas de investigación para esclarecer la desaparición de los 43 estudiantes de Ayotzinapa,https://www.europapress.es/internacional/noticia-mexico-abre-cuatro-nuevas-lineas-investigacion-esclarecer-desaparicion-43-estudiantes-ayotzinapa-20260929045652.html,20260929T033000Z,europapress.es,Spanish,Spain,,,,,assaulted,no
2026-09-29T06:37:39.067162+00:00,physical_violence,Physical violence & killings,Prosecutors are reopening a Cornell fraternity rape case . Here what we know,https://www.ksfr.org/npr-news/2026-09-28/prosecutors-are-reopening-a-cornell-fraternity-rape-case-heres-what-we-know,20260929T033000Z,ksfr.org,English,United States,,,,,assaulted,no
2026-09-29T06:37:39.067162+00:00,physical_violence,Physical violence & killings,Prosecutor reopens probe into Cornell gang rape allegations after accuser files lawsuit,https://www.union-bulletin.com/news/national/prosecutor-reopens-probe-into-cornell-gang-rape-allegations-after-accuser-files-lawsuit/article_066ed041-afd5-58d5-b011-4f5ac6f8050c.html,20260929T033000Z,union-bulletin.com,English,United States,,,,,assaulted,no
2026-09-29T06:37:39.067162+00:00,physical_violence,Physical violence & killings,Prosecutors are reopening a Cornell fraternity rape case . Here what we know,https://www.wdiy.org/npr-news/2026-09-28/prosecutors-are-reopening-a-cornell-fraternity-rape-case-heres-what-we-know,20260929T024500Z,wdiy.org,English,United States,,,,,assaulted,no
2026-09-29T06:37:39.067162+00:00,physical_violence,Physical violence & killings,Prosecutors are reopening a Cornell fraternity rape case . Here what we know,https://www.wsiu.org/2026-09-28/prosecutors-are-reopening-a-cornell-fraternity-rape-case-heres-what-we-know,20260929T024500Z,wsiu.org,English,United States,,,,,assaulted,no
2026-09-29T06:37:39.067162+00:00,physical_violence,Physical violence & killings,Cornell fraternity alleged gang rape investigation reopened following civil lawsuit,https://www.ktvu.com/news/cornell-fraternity-alleged-gang-rape-investigation-reopened-following-civil-lawsuit,20260929T024500Z,ktvu.com,English,United States,,,,,assaulted,no
2026-09-29T06:37:39.067162+00:00,physical_violence,Physical violence & killings,DA Reopens Cornell University Rape Investigation,https://www.oxygen.com/crime-news/da-reopens-cornell-university-rape-investigation,20260929T024500Z,oxygen.com,English,United States,,,,,assaulted,no
2026-09-29T06:37:39.067162+00:00,physical_violence,Physical violence & killings,Prosecutors are reopening a Cornell fraternity rape case . Here what we know,https://www.kvpr.org/npr-news/2026-09-28/prosecutors-are-reopening-a-cornell-fraternity-rape-case-heres-what-we-know,20260929T024500Z,kvpr.org,English,United States,,,,,assaulted,no
2026-09-29T06:37:39.067162+00:00,physical_violence,Physical violence & killings,Prosecutors are reopening a Cornell fraternity rape case . Here what we know,https://www.kasu.org/public-safety-social-justice/2026-09-28/prosecutors-are-reopening-a-cornell-fraternity-rape-case-heres-what-we-know,20260929T021500Z,kasu.org,English,United States,,,,,assaulted,no
2026-09-29T06:37:39.067162+00:00,physical_violence,Physical violence & killings,AP News Summary at 9 : 14 p . m . EDT,http://www.hngnews.com/nation_world/ap-news-summary-at-9-14-p-m-edt/article_899131f0-cc66-52fd-9ecc-b38efd089931.html,20260929T021500Z,hngnews.com,English,United States,,,,,assaulted,no
2026-09-29T06:37:39.067162+00:00,physical_violence,Physical violence & killings,Prosecutors are reopening a Cornell fraternity rape case . Here what we know,https://www.southcarolinapublicradio.org/news/2026-09-28/prosecutors-are-reopening-a-cornell-fraternity-rape-case-heres-what-we-know,20260929T021500Z,southcarolinapublicradio.org,English,United States,,,,,assaulted,no
2026-09-29T06:37:39.067162+00:00,physical_violence,Physical violence & killings,AP News in Brief at 9 : 04 p . m . EDT,http://www.idahostatejournal.com/news/national/ap-news-in-brief-at-9-04-p-m-edt/article_bbafd461-7064-53ac-9b11-994df618c2a5.html,20260929T021500Z,idahostatejournal.com,English,United States,,,,,assaulted,no
2026-09-29T06:37:39.067162+00:00,physical_violence,Physical violence & killings,Prosecutors are reopening a Cornell fraternity rape case . Here what we know,https://www.kccu.org/u-s/2026-09-28/prosecutors-are-reopening-a-cornell-fraternity-rape-case-heres-what-we-know,20260929T021500Z,kccu.org,English,United States,,,,,assaulted,no
2026-09-29T06:37:39.067162+00:00,physical_violence,Physical violence & killings,AP News in Brief at 9 : 04 p . m . EDT,http://www.hngnews.com/nation_world/ap-news-in-brief-at-9-04-p-m-edt/article_c5eeefc0-e0d6-50a6-8658-706577ccd97c.html,20260929T021500Z,hngnews.com,English,United States,,,,,assaulted,no
2026-09-29T06:37:39.067162+00:00,physical_violence,Physical violence & killings,Prosecutor reopens probe into Cornell gang rape allegations after accuser files lawsuit,https://www.niagara-gazette.com/news/prosecutor-reopens-probe-into-cornell-gang-rape-allegations-after-accuser-files-lawsuit/article_fdc44e2e-8de9-4f14-85cd-7173b07448c1.html,20260929T021500Z,niagara-gazette.com,English,United States,,,,,assaulted,no
2026-09-29T06:37:39.067162+00:00,physical_violence,Physical violence & killings,Prosecutors are reopening a Cornell fraternity rape case . Here what we know,https://radio.wpsu.org/2026-09-28/prosecutors-are-reopening-a-cornell-fraternity-rape-case-heres-what-we-know,20260929T021500Z,radio.wpsu.org,English,United States,,,,,assaulted,no
2026-09-29T06:37:39.067162+00:00,physical_violence,Physical violence & killings,Prosecutors are reopening a Cornell fraternity rape case . Here what we know,https://www.wfae.org/united-states-world/2026-09-28/prosecutors-are-reopening-a-cornell-fraternity-rape-case-heres-what-we-know,20260929T020000Z,wfae.org,English,United States,,,,,assaulted,no
2026-09-29T06:37:39.067162+00:00,physical_violence,Physical violence & killings,LSU student Title IX case prompts state lawmaker to call for review of process,https://www.kplctv.com/2026/09/28/lsu-students-title-ix-case-prompts-state-lawmaker-call-review-process/,20260929T020000Z,kplctv.com,English,United States,,,,,assaulted,no
2026-09-29T06:37:39.067162+00:00,physical_violence,Physical violence & killings,Prosecutors are reopening a Cornell fraternity rape case . Here what we know,https://www.wrvo.org/2026-09-28/prosecutors-are-reopening-a-cornell-fraternity-rape-case-heres-what-we-know,20260929T020000Z,wrvo.org,English,United States,,,,,assaulted,no
2026-09-29T06:37:39.067162+00:00,physical_violence,Physical violence & killings,Prosecutors are reopening a Cornell fraternity rape case . Here what we know,https://www.wvasfm.org/2026-09-28/prosecutors-are-reopening-a-cornell-fraternity-rape-case-heres-what-we-know,20260929T020000Z,wvasfm.org,English,United States,,,,,assaulted,no
2026-09-29T06:37:39.067162+00:00,physical_violence,Physical violence & killings,"Morning Digest : U . S ., Iran separately talk with mediators in latest bid to end war ; Sahil Wakode parents stage hunger strike at Azad Maidan , demand professor arrest ; and more",https://www.thehindu.com/news/morning-digest-september-29-2026/article71521584.ece,20260929T020000Z,thehindu.com,English,India,,,,,assaulted,no
2026-09-29T06:37:39.067162+00:00,physical_violence,Physical violence & killings,"Hindus for Human Rights :  Racism is not just about violence , it manifests through misinformation  ",https://www.greenleft.org.au/2026/1463/analysis/hindus-human-rights-racism-not-just-about-violence-it-manifests-through,20260929T020000Z,greenleft.org.au,English,Australia,,,,,assaulted,no
2026-09-29T06:37:39.067162+00:00,physical_violence,Physical violence & killings,Cornell University sexual assault allegations : Everything we know about the reopened investigation into the Chi Phi fraternity,https://www.theage.com.au/world/north-america/heinous-frat-house-gang-rape-lawsuit-triggers-reopening-of-criminal-investigation-20260929-p611ax.html,20260929T020000Z,theage.com.au,English,Australia,,,,,assaulted,no
2026-09-29T06:37:39.067162+00:00,physical_violence,Physical violence & killings,Prosecutors are reopening a Cornell fraternity rape case . Here what we know,https://www.kpcw.org/npr-news/2026-09-28/prosecutors-are-reopening-a-cornell-fraternity-rape-case-heres-what-we-know,20260929T020000Z,kpcw.org,English,United States,,,,,assaulted,no
2026-09-29T06:37:39.067162+00:00,physical_violence,Physical violence & killings,Prosecutors are reopening a Cornell fraternity rape case . Here what we know,https://www.wclk.com/2026-09-28/prosecutors-are-reopening-a-cornell-fraternity-rape-case-heres-what-we-know,20260929T011500Z,wclk.com,English,United States,,,,,assaulted,no
2026-09-29T06:37:39.067162+00:00,physical_violence,Physical violence & killings,Prosecutors are reopening a Cornell fraternity rape case . Here what we know,https://www.ijpr.org/npr-news/2026-09-28/prosecutors-are-reopening-a-cornell-fraternity-rape-case-heres-what-we-know,20260929T011500Z,ijpr.org,English,United States,,,,,assaulted,no
2026-09-29T06:37:39.067162+00:00,physical_violence,Physical violence & killings,CT man named in lawsuit by former Cornell student alleging gang rape by fraternity members,https://www.wfsb.com/2026/09/28/ct-man-among-defendants-named-cornell-university-sexual-assault-lawsuit/,20260929T011500Z,wfsb.com,English,United States,,,,,assaulted,no
2026-09-29T06:37:39.067162+00:00,physical_violence,Physical violence & killings,Prosecutors are reopening a Cornell fraternity rape case . Here what we know,https://wysu.org/npr-national-news/2026-09-28/prosecutors-are-reopening-a-cornell-fraternity-rape-case-heres-what-we-know,20260929T011500Z,wysu.org,English,United States,,,,,assaulted,no
2026-09-29T06:37:39.067162+00:00,physical_violence,Physical violence & killings,Prosecutors are reopening a Cornell fraternity rape case . Here what we know,https://www.wxpr.org/2026-09-28/prosecutors-are-reopening-a-cornell-fraternity-rape-case-heres-what-we-know,20260929T011500Z,wxpr.org,English,United States,,,,,assaulted,no
2026-09-29T06:37:39.067162+00:00,physical_violence,Physical violence & killings,"CNN Jake Tapper Grills Cornell Alleged Sex Assault D . A ., Brings His Own Daughter Into Debate",https://www.tmz.com/2026/09/28/jake-tapper-fights-with-district-attorney-in-alleged-cornell-gang-rape/,20260929T011500Z,tmz.com,English,United States,,,,,assaulted,no
2026-09-29T06:37:39.067162+00:00,physical_violence,Physical violence & killings,Cornell Student Diego Sarabia Loses Wells Fargo Job Amid Alleged Sexual Assault Case,https://www.tmz.com/2026/09/28/accused-cornell-fraternity-brother-diego-sarabia-no-longer-at-wells-fargo/,20260929T011500Z,tmz.com,English,United States,,,,,assaulted,no
2026-09-29T06:37:39.067162+00:00,physical_violence,Physical violence & killings,Prosecutors are reopening a Cornell fraternity rape case . Here what we know,https://www.ypradio.org/npr-news/2026-09-28/prosecutors-are-reopening-a-cornell-fraternity-rape-case-heres-what-we-know,20260929T011500Z,ypradio.org,English,United States,,,,,assaulted,no
2026-09-29T06:37:39.067162+00:00,physical_violence,Physical violence & killings,Prosecutors are reopening a Cornell fraternity rape case . Here what we know,https://news.wfsu.org/npr-news/2026-09-28/prosecutors-are-reopening-a-cornell-fraternity-rape-case-heres-what-we-know,20260929T011500Z,news.wfsu.org,English,United States,,,,,assaulted,no
2026-09-29T06:37:39.067162+00:00,physical_violence,Physical violence & killings,Prosecutors are reopening a Cornell fraternity rape case . Here what we know,https://www.ketr.org/2026-09-28/prosecutors-are-reopening-a-cornell-fraternity-rape-case-heres-what-we-know,20260929T011500Z,ketr.org,English,United States,,,,,assaulted,no
2026-09-29T06:37:39.067162+00:00,physical_violence,Physical violence & killings,Alleged Cornell Gang Rape : Bar Named In Lawsuit Denies Serving Female Student Alcohol,https://www.tmz.com/2026/09/28/moonies-bar-denies-serving-cornell-jane-doe-alcohol/,20260929T011500Z,tmz.com,English,United States,,,,,assaulted,no
2026-09-29T06:37:39.067162+00:00,physical_violence,Physical violence & killings,Prosecutors are reopening a Cornell fraternity rape case . Here what we know,https://www.kawc.org/npr-news/2026-09-28/prosecutors-are-reopening-a-cornell-fraternity-rape-case-heres-what-we-know,20260929T011500Z,kawc.org,English,United States,,,,,assaulted,no
2026-09-29T06:37:39.067162+00:00,physical_violence,Physical violence & killings,Prosecutors are reopening a Cornell fraternity rape case . Here what we know,https://www.apr.org/2026-09-28/prosecutors-are-reopening-a-cornell-fraternity-rape-case-heres-what-we-know,20260929T011500Z,apr.org,English,United States,,,,,assaulted,no
2026-09-29T06:37:39.067162+00:00,physical_violence,Physical violence & killings,Cornell University sexual assault allegations : Everything we know about the reopened investigation into the Chi Phi fraternity,https://www.smh.com.au/world/north-america/heinous-frat-house-gang-rape-lawsuit-triggers-reopening-of-criminal-investigation-20260929-p611ax.html,20260929T010000Z,smh.com.au,English,Australia,,,,,assaulted,no
2026-09-29T06:37:39.067162+00:00,physical_violence,Physical violence & killings,Attorney General office says Reign Bar has responded to nuisance letter,https://abc17news.com/news/columbia/2026/09/28/attorney-generals-office-says-reign-bar-has-responded-to-nuisance-letter/,20260929T010000Z,abc17news.com,English,United States,,,,,assaulted,no
2026-09-29T06:37:39.067162+00:00,physical_violence,Physical violence & killings,Bail denied for North Penn teacher and coach accused of sex assault of 3 boys,https://www.thereporteronline.com/2026/09/28/bail-denied-for-north-penn-teacher-and-coach-accused-of-sex-assault-of-3-boys/,20260929T010000Z,thereporteronline.com,English,United States,,,,,assaulted,no
2026-09-29T06:37:39.067162+00:00,physical_violence,Physical violence & killings,Prosecutors are reopening a Cornell fraternity rape case . Here what we know,https://www.northernpublicradio.org/2026-09-28/prosecutors-are-reopening-a-cornell-fraternity-rape-case-heres-what-we-know,20260929T010000Z,northernpublicradio.org,English,United States,,,,,assaulted,no
2026-09-29T06:37:39.067162+00:00,physical_violence,Physical violence & killings,Prosecutors are reopening a Cornell fraternity rape case . Here what we know,https://www.whro.org/2026-09-28/prosecutors-are-reopening-a-cornell-fraternity-rape-case-heres-what-we-know,20260929T010000Z,whro.org,English,United States,,,,,assaulted,no
2026-09-29T06:37:39.067162+00:00,physical_violence,Physical violence & killings,LSU student Title IX case prompts state lawmaker to call for review of process,https://www.wafb.com/2026/09/28/lsu-students-title-ix-case-prompts-state-lawmaker-call-review-process/,20260929T010000Z,wafb.com,English,United States,,,,,assaulted,no
2026-09-29T06:37:39.067162+00:00,physical_violence,Physical violence & killings,Prosecutors are reopening a Cornell fraternity rape case . Here what we know,https://kansaspublicradio.org/npr-news/2026-09-28/prosecutors-are-reopening-a-cornell-fraternity-rape-case-heres-what-we-know,20260929T010000Z,kansaspublicradio.org,English,United States,,,,,assaulted,no
2026-09-29T06:37:39.067162+00:00,physical_violence,Physical violence & killings,Cornell fraternity alleged gang rape investigation reopened following civil lawsuit,https://www.fox5dc.com/news/cornell-fraternity-alleged-gang-rape-investigation-reopened-following-civil-lawsuit,20260929T010000Z,fox5dc.com,English,United States,,,,,assaulted,no
2026-09-29T06:37:39.067162+00:00,physical_violence,Physical violence & killings,Prosecutors are reopening a Cornell fraternity rape case . Here what we know,https://www.tspr.org/npr-news/2026-09-28/prosecutors-are-reopening-a-cornell-fraternity-rape-case-heres-what-we-know,20260929T010000Z,tspr.org,English,United States,,,,,assaulted,no
2026-09-29T06:37:39.067162+00:00,physical_violence,Physical violence & killings,Cornell University sexual assault allegations : Everything we know about the reopened investigation into the Chi Phi fraternity,https://www.brisbanetimes.com.au/world/north-america/heinous-frat-house-gang-rape-lawsuit-triggers-reopening-of-criminal-investigation-20260929-p611ax.html,20260929T010000Z,brisbanetimes.com.au,English,Australia,,,,,assaulted,no
2026-09-29T06:37:39.067162+00:00,physical_violence,Physical violence & killings,Prosecutors are reopening a Cornell fraternity rape case . Here what we know,https://www.kwit.org/2026-09-28/prosecutors-are-reopening-a-cornell-fraternity-rape-case-heres-what-we-know,20260929T010000Z,kwit.org,English,United States,,,,,assaulted,no
2026-09-29T06:37:39.067162+00:00,physical_violence,Physical violence & killings,Bail denied for North Penn teacher and coach accused of sex assault of 3 boys,https://www.dailylocal.com/2026/09/28/bail-denied-for-north-penn-teacher-and-coach-accused-of-sex-assault-of-3-boys/,20260929T010000Z,dailylocal.com,English,United States,,,,,assaulted,no
2026-09-29T06:37:39.067162+00:00,physical_violence,Physical violence & killings,Prosecutors are reopening a Cornell fraternity rape case . Here what we know,https://www.kazu.org/npr-news/2026-09-28/prosecutors-are-reopening-a-cornell-fraternity-rape-case-heres-what-we-know,20260929T010000Z,kazu.org,English,United States,,,,,assaulted,no
2026-09-29T06:37:39.067162+00:00,physical_violence,Physical violence & killings,Prosecutors are reopening a Cornell fraternity rape case . Here what we know,https://www.wuft.org/2026-09-28/prosecutors-are-reopening-a-cornell-fraternity-rape-case-heres-what-we-know,20260929T004500Z,wuft.org,English,United States,,,,,assaulted,no
2026-09-29T06:37:39.067162+00:00,physical_violence,Physical violence & killings,Prosecutors are reopening a Cornell fraternity rape case . Here what we know,https://www.wypr.org/2026-09-28/prosecutors-are-reopening-a-cornell-fraternity-rape-case-heres-what-we-know,20260929T004500Z,wypr.org,English,United States,,,,,assaulted,no
2026-09-29T06:37:39.067162+00:00,physical_violence,Physical violence & killings,Prosecutor reopens probe into alleged Cornell gang rape – NBC Chicago,https://www.nbcchicago.com/news/national-international/cornell-gang-rape-investigation-reopened-accuser-files-lawsuit/3994778/,20260929T004500Z,nbcchicago.com,English,United States,,,,,assaulted,no
2026-09-29T06:37:39.067162+00:00,physical_violence,Physical violence & killings,Bail denied for North Penn teacher and coach accused of sex assault of 3 boys,https://www.timesherald.com/2026/09/28/bail-denied-for-north-penn-teacher-and-coach-accused-of-sex-assault-of-3-boys/,20260929T004500Z,timesherald.com,English,United States,,,,,assaulted,no
2026-09-29T06:37:39.067162+00:00,physical_violence,Physical violence & killings,Prosecutor reopens probe into Cornell gang rape allegations after accuser files lawsuit,https://www.krgv.com/news/prosecutor-reopens-probe-into-cornell-gang-rape-allegations-after-accuser-files-lawsuit,20260929T004500Z,krgv.com,English,United States,,,,,assaulted,no
2026-09-29T06:37:39.067162+00:00,physical_violence,Physical violence & killings,District Attorney Defends Past Decision Not to Seek Criminal Charges in Cornell Rape Allegations,https://www.today.com/news/district-attorney-defends-decision-not-seek-criminal-charges-cornell-r-rcna600379,20260929T004500Z,today.com,English,United States,,,,,assaulted,no
2026-09-29T06:37:39.067162+00:00,physical_violence,Physical violence & killings,Prosecutors are reopening a Cornell fraternity rape case . Here what we know,https://www.kcbx.org/npr-top-news/2026-09-28/prosecutors-are-reopening-a-cornell-fraternity-rape-case-heres-what-we-know,20260929T004500Z,kcbx.org,English,United States,,,,,assaulted,no
2026-09-29T06:37:39.067162+00:00,physical_violence,Physical violence & killings,Prosecutors are reopening a Cornell fraternity rape case . Here what we know,https://www.kzyx.org/npr-news/2026-09-28/prosecutors-are-reopening-a-cornell-fraternity-rape-case-heres-what-we-know,20260929T004500Z,kzyx.org,English,United States,,,,,assaulted,no
2026-09-29T06:37:39.067162+00:00,physical_violence,Physical violence & killings,Prosecutors are reopening a Cornell fraternity rape case . Here what we know,https://www.kjzz.org/npr-top-stories/2026-09-28/prosecutors-are-reopening-a-cornell-fraternity-rape-case-heres-what-we-know,20260929T004500Z,kjzz.org,English,United States,,,,,assaulted,no
2026-09-29T06:37:39.067162+00:00,physical_violence,Physical violence & killings,Prosecutors are reopening a Cornell fraternity rape case . Here what we know,https://www.wbaa.org/npr-news/2026-09-28/prosecutors-are-reopening-a-cornell-fraternity-rape-case-heres-what-we-know,20260929T004500Z,wbaa.org,English,United States,,,,,assaulted,no
2026-09-29T06:37:39.067162+00:00,physical_violence,Physical violence & killings,Prosecutors are reopening a Cornell fraternity rape case . Here what we know,https://www.klcc.org/npr-news/2026-09-28/prosecutors-are-reopening-a-cornell-fraternity-rape-case-heres-what-we-know,20260929T004500Z,klcc.org,English,United States,,,,,assaulted,no
2026-09-29T06:37:39.067162+00:00,physical_violence,Physical violence & killings,What to know about the sexual assault case filed against Cornell University,https://www.wcsufm.org/latest-from-npr/2026-09-28/what-to-know-about-the-sexual-assault-case-filed-against-cornell-university,20260929T001500Z,wcsufm.org,English,United States,,,,,assaulted,no
2026-09-29T06:37:39.067162+00:00,physical_violence,Physical violence & killings,What to know about the sexual assault case filed against Cornell University,https://www.ualrpublicradio.org/npr-news/2026-09-28/what-to-know-about-the-sexual-assault-case-filed-against-cornell-university,20260929T001500Z,ualrpublicradio.org,English,United States,,,,,assaulted,no
2026-09-29T06:37:39.067162+00:00,physical_violence,Physical violence & killings,Prosecutors are reopening a Cornell fraternity rape case . Here what we know,https://www.wmuk.org/npr-news/2026-09-28/prosecutors-are-reopening-a-cornell-fraternity-rape-case-heres-what-we-know,20260929T001500Z,wmuk.org,English,United States,,,,,assaulted,no
2026-09-29T06:37:39.067162+00:00,physical_violence,Physical violence & killings,Cornell fraternity alleged gang rape investigation reopened following civil lawsuit,https://www.fox29.com/news/cornell-fraternity-alleged-gang-rape-investigation-reopened-following-civil-lawsuit,20260929T000000Z,fox29.com,English,United States,,,,,assaulted,no
2026-09-29T06:37:39.067162+00:00,physical_violence,Physical violence & killings,Cornell fraternity alleged gang rape investigation reopened following civil lawsuit,https://www.fox26houston.com/news/cornell-fraternity-alleged-gang-rape-investigation-reopened-following-civil-lawsuit,20260929T000000Z,fox26houston.com,English,United States,,,,,assaulted,no
2026-09-29T06:37:39.067162+00:00,physical_violence,Physical violence & killings,Prosecutors are reopening a Cornell fraternity rape case . Here what we know,https://www.wglt.org/2026-09-28/prosecutors-are-reopening-a-cornell-fraternity-rape-case-heres-what-we-know,20260929T000000Z,wglt.org,English,United States,,,,,assaulted,no
2026-09-29T06:37:39.067162+00:00,physical_violence,Physical violence & killings,Μαθητικές κινητοποιήσεις Γαλλία και πολιτική σύγκρουση,https://www.sbctv.gr/2026/09/%CE%BC%CE%B1%CE%B8%CE%B7%CF%84%CE%B9%CE%BA%CE%B5%CF%82-%CE%BA%CE%B9%CE%BD%CE%B7%CF%84%CE%BF%CF%80%CE%BF%CE%B9%CE%B7%CF%83%CE%B5%CE%B9%CF%82-%CE%B3%CE%B1%CE%BB%CE%BB%CE%B9%CE%B1/,20260929T041500Z,sbctv.gr,Greek,Greece,,,,,tear gas,no
2026-09-29T06:37:39.067162+00:00,physical_violence,Physical violence & killings,The Historic Nationhood of Balochistan Soaked With Blood,https://balochwarna.com/2026/09/the-historic-nationhood-of-balochistan-soaked-with-blood/,20260929T021500Z,balochwarna.com,English,Pakistan,,,,,tear gas,no
2026-09-29T06:37:39.067162+00:00,physical_violence,Physical violence & killings,2 lycées de Toulouse annoncés bloqués ce mardi,https://toulouse7.com/2026/09/28/2-lycees-de-toulouse-annonces-bloques-ce-mardi/,20260928T184500Z,toulouse7.com,French,France,,,,,tear gas,no
2026-09-29T06:37:39.067162+00:00,physical_violence,Physical violence & killings,"Après une tentative de blocage de lycée , trois jeunes interpellés en Isère , dix autres dans les Alpes - Maritimes",https://www.franceinfo.fr/societe/education/parcoursup/parcoursup/manifestations-des-lyceens/apres-une-tentative-de-blocage-de-lycee-trois-jeunes-interpelles-en-isere-dix-autres-dans-les-alpes-maritimes_8213609.html,20260928T174500Z,franceinfo.fr,French,France,,,,,tear gas,no
2026-09-29T06:37:39.067162+00:00,physical_violence,Physical violence & killings,Grenoble  : trois jeunes interpellés après une tentative de blocage du lycée Mounier et des tensions avec la police,https://www.ici.fr/auvergne-rhone-alpes/isere-38/grenoble/grenoble-trois-jeunes-interpelles-apres-une-tentative-de-blocage-du-lycee-mounier-et-des-tensions-avec-la-police-4560537,20260928T170000Z,ici.fr,French,,,,,,tear gas,no
2026-09-29T06:37:39.067162+00:00,physical_violence,Physical violence & killings,Watch live : Trump military parade kicks off,https://www.advocate-news.com/2025/06/14/watch-live-trump-parade-protests/,20260928T090000Z,advocate-news.com,English,United States,,,,,tear gas,no
2026-09-29T06:37:39.067162+00:00,physical_violence,Physical violence & killings,September 11 Chile coup commemoration marred by violence,https://cpa.org.au/guardian/issue-2208/september-11-chile-coup-commemoration-marred-by-violence/,20260928T063000Z,cpa.org.au,English,Australia,,,,,tear gas,no
2026-09-29T06:37:39.067162+00:00,physical_violence,Physical violence & killings,"LPU suspends classes for 10 days , postpones mid - term exams amid unrest",https://www.tribuneindia.com/news/jalandhar/lpu-suspends-classes-for-10-days-postpones-mid-term-exams-amid-unrest/,20260927T194500Z,tribuneindia.com,English,India,,,,,tear gas,no
2026-09-29T06:37:39.067162+00:00,physical_violence,Physical violence & killings,"LIVE : पंजाब में उग्र हुआ LPU के छात्रों का प्रदर्शन , लाठी चार्ज के बाद पथराव ; पुलिस की गाड़ी में लगाई आग - lpu students protest violent lathi charge stone pelting police vehicle set on fire rape accused fagwara",https://www.jagran.com/punjab/jalandhar-city-lpu-students-protest-violent-lathi-charge-stone-pelting-police-vehicle-set-on-fire-rape-accused-fagwara-40387217.html,20260927T160000Z,jagran.com,Hindi,India,,,,,tear gas,yes
2026-09-29T06:37:39.067162+00:00,physical_violence,Physical violence & killings,Houston cops totaled an innocent woman car and the city refused to pay,https://reason.com/2026/09/27/police-in-texas-totaled-an-innocent-womans-car-why-did-houston-deny-her-claim-for-compensation/,20260927T140000Z,reason.com,English,United States,,,,,tear gas,no
2026-09-29T06:37:39.067162+00:00,physical_violence,Physical violence & killings,ঢাকা কলেজ ও আইডিয়াল কলেজের শিক্ষার্থীদের সংঘর্ষ,https://www.ntvbd.com/bangladesh/news-1810101,20260927T103000Z,ntvbd.com,Bengali,Bangladesh,,,,,tear gas,no
2026-09-29T06:37:39.067162+00:00,detention_arrest,Arrests & detention,"A boy , 16 , is allegedly raped by classmates on a bus . The case highlights a crisis in Peru schools",https://abc17news.com/news/national-world/cnn-world/2026/09/28/a-boy-16-is-allegedly-raped-by-classmates-on-a-bus-the-case-highlights-a-crisis-in-perus-schools/,20260929T060000Z,abc17news.com,English,United States,,,,,detained,no
2026-09-29T06:37:39.067162+00:00,detention_arrest,Arrests & detention,Vo Francúzsku zadržali vyše 160 ľudí počas protestov na školách,https://www.teraz.sk/zahranicie/vo-francuzsku-zadrzali-vyse-160-lud/995700-clanok.html,20260929T054500Z,teraz.sk,Slovak,Slovak Republic,,,,,detained,yes
2026-09-29T06:37:39.067162+00:00,detention_arrest,Arrests & detention,N . Korea operates secret detention facility beneath Beijing embassy : report,https://www.koreaherald.com/article/10887603,20260929T053000Z,koreaherald.com,English,South Korea,,,,,detained,no
2026-09-29T06:37:39.067162+00:00,detention_arrest,Arrests & detention,French PM cautions against further escalation of school protests after 164 arrests,https://themunicheye.com/breaking-news/french-pm-cautions-against-further-escalation-of-school-protests-after-164-arrests-869,20260929T053000Z,themunicheye.com,English,Germany,,,,,detained,yes
2026-09-29T06:37:39.067162+00:00,detention_arrest,Arrests & detention,"A boy , 16 , is allegedly raped by classmates on a bus . The case highlights a crisis in Peru schools - LocalNews8 . com",https://localnews8.com/news/national-world/cnn-world/2026/09/28/a-boy-16-is-allegedly-raped-by-classmates-on-a-bus-the-case-highlights-a-crisis-in-perus-schools/,20260929T051500Z,localnews8.com,English,United States,,,,,detained,no
2026-09-29T06:37:39.067162+00:00,detention_arrest,Arrests & detention, 【 一線看中國 】 中國富豪慘了 ！ 政府開1億罰單 四川地震沒完了 | 中共 | 中國+富豪 | AI,https://www.ntdtv.com/b5/2026/09/29/a104137198.html,20260929T050000Z,ntdtv.com,Chinese,China,,,,,detained,no
2026-09-29T06:37:39.067162+00:00,detention_arrest,Arrests & detention,"A boy , 16 , is allegedly raped by classmates on a bus . The case highlights a crisis in Peru schools",https://keyt.com/news/national-world/cnn-world/2026/09/28/a-boy-16-is-allegedly-raped-by-classmates-on-a-bus-the-case-highlights-a-crisis-in-perus-schools/,20260929T050000Z,keyt.com,English,United States,,,,,detained,no
2026-09-29T06:37:39.067162+00:00,detention_arrest,Arrests & detention,Anti - ICE protesters return to scene of Wilber Garces Perez shooting in Austin,https://www.tpr.org/border-immigration/2026-09-28/anti-ice-protesters-return-to-scene-of-wilber-garces-perez-shooting-in-austin,20260929T044500Z,tpr.org,English,United States,,,,,detained,yes
2026-09-29T06:37:39.067162+00:00,detention_arrest,Arrests & detention,Immigrations advocates in New Haven demand ICE stops enforcement at airports,https://www.nbcconnecticut.com/news/local/immigrations-advocates-in-new-haven-demand-ice-stops-enforcement-at-airports/3779478/,20260929T044500Z,nbcconnecticut.com,English,United States,,,,,detained,no
2026-09-29T06:37:39.067162+00:00,detention_arrest,Arrests & detention,Ole Miss student deaths linked to kratom sales investigation,https://www.wapt.com/article/oxford-ole-miss-kratom-sales-affidavit/73934083,20260929T043000Z,wapt.com,English,United States,,,,,detained,no
2026-09-29T06:37:39.067162+00:00,detention_arrest,Arrests & detention,"A boy , 16 , is allegedly raped by classmates on a bus . The case highlights a crisis in Peru schools",https://kesq.com/news/national-world/cnn-world/2026/09/28/a-boy-16-is-allegedly-raped-by-classmates-on-a-bus-the-case-highlights-a-crisis-in-perus-schools/,20260929T043000Z,kesq.com,English,United States,,,,,detained,no
2026-09-29T06:37:39.067162+00:00,detention_arrest,Arrests & detention,Jennifer Szalai Reviews Mahmoud Khalil Memoir on ICE Detention and Activism,https://www.newsbusters.org/blogs/nb/clay-waters/2026/09/28/nauseating-ny-times-take-mahmoud-khalils-book-quietly-shattering,20260929T041500Z,newsbusters.org,English,United States,,,,,detained,yes
2026-09-29T06:37:39.067162+00:00,detention_arrest,Arrests & detention,열일곱에도 예순여덟에도 광주에 있다가 잡혀간 여자,https://www.ohmynews.com/NWS_Web/Series/series_premium_pg.aspx?CNTN_CD=A0003269932&CMPT_CD=M0146,20260929T033000Z,ohmynews.com,Korean,South Korea,,,,,detained,no
2026-09-29T06:37:39.067162+00:00,detention_arrest,Arrests & detention,"A boy , 16 , is allegedly raped by classmates on a bus . The case highlights a crisis in Peru schools",https://kvia.com/news/us-world/cnn-world/2026/09/28/a-boy-16-is-allegedly-raped-by-classmates-on-a-bus-the-case-highlights-a-crisis-in-perus-schools/,20260929T033000Z,kvia.com,English,United States,,,,,detained,no
2026-09-29T06:37:39.067162+00:00,detention_arrest,Arrests & detention,열일곱에도 예순여덟에도 광주에 있다가 잡혀간 여자,https://www.ohmynews.com/NWS_Web/Series/series_premium_pg.aspx?CNTN_CD=A0003269932&PAGE_CD=ET001&BLCK_NO=1&CMPT_CD=T0016,20260929T033000Z,ohmynews.com,Korean,South Korea,,,,,detained,no
2026-09-29T06:37:39.067162+00:00,detention_arrest,Arrests & detention,"A boy , 16 , is allegedly raped by classmates on a bus . The case highlights a crisis in Peru schools",https://krdo.com/news/national-world/cnn-world/2026/09/28/a-boy-16-is-allegedly-raped-by-classmates-on-a-bus-the-case-highlights-a-crisis-in-perus-schools/,20260929T011500Z,krdo.com,English,United States,,,,,detained,no
2026-09-29T06:37:39.067162+00:00,detention_arrest,Arrests & detention,"Man who attacked Black students during  Love Island  watch party pleads guilty , will be released from jail – The Daily Tar Heel",https://dailytarheel.com/483364/university/university-keegan-wilson-released/,20260929T010000Z,dailytarheel.com,English,United States,,,,,detained,no
2026-09-29T06:37:39.067162+00:00,detention_arrest,Arrests & detention,A boy in Peru is allegedly raped by classmates on a bus,https://cyprusnews.eu/cnn-kosmos/a-boy-in-peru-is-allegedly-raped-by-classmates-on-a-bus/,20260929T010000Z,cyprusnews.eu,English,Greece,,,,,detained,no
2026-09-29T06:37:39.067162+00:00,detention_arrest,Arrests & detention,"A boy , 16 , is allegedly raped by classmates on a bus . The case highlights a crisis in Peru schools",https://ktvz.com/news/national-world/cnn-world/2026/09/28/a-boy-16-is-allegedly-raped-by-classmates-on-a-bus-the-case-highlights-a-crisis-in-perus-schools/,20260929T004500Z,ktvz.com,English,United States,,,,,detained,no
2026-09-29T06:37:39.067162+00:00,detention_arrest,Arrests & detention,"Former Aubrey ISD educator arrested , accused of improper relationship with student",https://www.fox4news.com/news/former-aubrey-isd-educator-arrested-accused-improper-relationship-student,20260929T000000Z,fox4news.com,English,United States,,,,,detained,no
2026-09-29T06:37:39.067162+00:00,detention_arrest,Arrests & detention,San Antonio opponents press city to challenge planned ICE detention center,https://www.tpr.org/border-immigration/2026-09-28/san-antonio-opponents-press-city-to-challenge-planned-ice-detention-center,20260928T234500Z,tpr.org,English,United States,,,,,detained,no
2026-09-29T06:37:39.067162+00:00,detention_arrest,Arrests & detention,AP News in Brief at 6 : 04 p . m . EDT,http://www.wataugademocrat.com/ap/national/ap-news-in-brief-at-6-04-p-m-edt/article_5f791bf4-1c61-5782-8c54-77b6cfb13a05.html,20260928T234500Z,wataugademocrat.com,English,United States,,,,,detained,no
2026-09-29T06:37:39.067162+00:00,detention_arrest,Arrests & detention,  Es un mentiroso patológico : El Washington Post publica perfil de Cerimedo y cuestiona su formación,https://www.lostiempos.com/actualidad/mundo/20260928/es-mentiroso-patologico-washington-post-publica-perfil-cerimedo-cuestiona,20260928T233000Z,lostiempos.com,Spanish,Bolivia,,,,,detained,no
2026-09-29T06:37:39.067162+00:00,detention_arrest,Arrests & detention,Police search for suspects after shooting near Towson University,https://www.wbaltv.com/article/towson-university-shooting-cardiff-hall-apartments-students-react/73931384,20260928T230000Z,wbaltv.com,English,United States,,,,,detained,no
2026-09-29T06:37:39.067162+00:00,detention_arrest,Arrests & detention,Why is ICE making arrests so close to schools ? San Diego grapples with enforcement surge,https://timesofsandiego.com/education/2026/09/28/why-is-ice-making-arrests-so-close-to-schools-san-diego-grapples-with-enforcement-surge/,20260928T221500Z,timesofsandiego.com,English,United States,,,,,detained,no
2026-09-29T06:37:39.067162+00:00,detention_arrest,Arrests & detention,Deniz Göktaş tahliye edildi,https://www.odatv.com/guncel/deniz-goktas-tahliye-edildi-120164281,20260928T213000Z,odatv.com,Turkish,Turkey,,,,,detained,no
2026-09-29T06:37:39.067162+00:00,detention_arrest,Arrests & detention,Iraqi Lecturer Detained After Alleging Assyrian Archaeological Sites Are Being Sold,http://www.aina.org/news/20260928132155.htm,20260928T211500Z,aina.org,English,Iraq,,,,,detained,no
2026-09-29T06:37:39.067162+00:00,detention_arrest,Arrests & detention,Source : Washington & Lee sophomore detained by ICE,https://www.wsls.com/news/local/2026/09/28/source-washington-lee-sophomore-detained-by-ice/,20260928T210000Z,wsls.com,English,United States,,,,,detained,no
2026-09-29T06:37:39.067162+00:00,detention_arrest,Arrests & detention,"Sowore Demands Tinubu Impeachment , Says President Cannot Run Nigeria From Abroad",https://saharareporters.com/2026/09/28/sowore-demands-tinubus-impeachment-says-president-cannot-run-nigeria-abroad,20260928T201500Z,saharareporters.com,English,Nigeria,,,,,detained,no
2026-09-29T06:37:39.067162+00:00,detention_arrest,Arrests & detention,CROUERE : Americans Voted to Deport Illegal Aliens,https://thehayride.com/2026/09/crouere-americans-voted-to-deport-illegal-aliens/,20260928T174500Z,thehayride.com,English,United States,,,,,detained,no
2026-09-29T06:37:39.067162+00:00,detention_arrest,Arrests & detention,"Falana Sues FG At ECOWAS Court , Demands $10m Over Military - Era Rights Violations",https://leadership.ng/falana-sues-fg-at-ecowas-court-demands-10m-over-military-era-rights-violations/,20260928T164500Z,leadership.ng,English,Nigeria,,,,,detained,no
2026-09-29T06:37:39.067162+00:00,detention_arrest,Arrests & detention,IHC seeks govt response over Peshawar motorway closure ahead of PTI protest,https://tribune.com.pk/story/2631900/ihc-seeks-govts-response-over-peshawar-motorway-closure-ahead-of-pti-protest,20260928T164500Z,tribune.com.pk,English,Pakistan,,,,,detained,yes
2026-09-29T06:37:39.067162+00:00,detention_arrest,Arrests & detention,OKULDA KANLI OLAY ! Osmaniyede öğretmen okul bahçesinde silahlı saldırıda hayatını kaybetti ! ,https://www.son.tv/okulda-kanli-saldiri-osmaniyede-ogretmen-okul-bahcesinde-silahli-saldirida-hayatini-kaybetti/,20260928T163000Z,son.tv,Turkish,Turkey,,,,,detained,no
2026-09-29T06:37:39.067162+00:00,detention_arrest,Arrests & detention,MEBDEN KRİTİK AÇIKLAMA ! Osmaniyede öğretmenin öldürüldüğü saldırıyla ilgili 2 müfettiş görevlendirildi ! ,https://www.son.tv/mebden-kritik-aciklama-osmaniyede-ogretmenin-olduruldugu-saldiriyla-ilgili-2-mufettis-gorevlendirildi/,20260928T163000Z,son.tv,Turkish,Turkey,,,,,detained,no
2026-09-29T06:37:39.067162+00:00,detention_arrest,Arrests & detention,"29 Eylülde hangi kentte okullar tatil ? - Antalya Haber , Son Dakika Antalya Haberleri",https://www.yenialanya.com/29-eylulde-hangi-kentte-okullar-tatil,20260928T161500Z,yenialanya.com,Turkish,Turkey,,,,,detained,no
2026-09-29T06:37:39.067162+00:00,detention_arrest,Arrests & detention,Osmaniyede okul bahçesinde kanlı saldırı,https://www.halkinsesikibris.com/osmaniyede-okul-bahcesinde-kanli-saldiri,20260928T161500Z,halkinsesikibris.com,Turkish,Turkey,,,,,detained,no
2026-09-29T06:37:39.067162+00:00,detention_arrest,Arrests & detention,Teacher killed in armed attack at Osmaniye high school,https://www.hurriyetdailynews.com/teacher-killed-in-armed-attack-at-osmaniye-high-school-227473,20260928T154500Z,hurriyetdailynews.com,English,Turkey,,,,,detained,no
2026-09-29T06:37:39.067162+00:00,detention_arrest,Arrests & detention,El trágico crimen argentino detrás del nuevo éxito de Netflix,https://www.diariouno.com.ar/sociedad/el-tragico-crimen-argentino-detras-del-nuevo-exito-netflix-n1600927,20260928T154500Z,diariouno.com.ar,Spanish,Argentina,,,,,detained,no
2026-09-29T06:37:39.067162+00:00,detention_arrest,Arrests & detention,37 US Congressmen Urge Trump to Demand China Repeal  Ethnic Unity  Law,http://www.thetibetpost.com/news/international/37-us-congressmen-urge-trump-to-demand-china-repeal-%E2%80%98ethnic-unity%E2%80%99-law,20260928T153000Z,thetibetpost.com,English,China,,,,,detained,no
2026-09-29T06:37:39.067162+00:00,detention_arrest,Arrests & detention,MEB duyurdu : Öğretmene silahlı saldırı sonrası Osmaniyede eğitime 2 gün ara verildi,https://mansethaber.com/gundem/meb-duyurdu-ogretmene-silahli-saldiri-sonrasi-osmaniyede-egitime-2-gun-ara-verildi,20260928T150000Z,mansethaber.com,Turkish,Turkey,,,,,detained,no
2026-09-29T06:37:39.067162+00:00,detention_arrest,Arrests & detention,Убившего 10 человек маньяка Алексея Гаськова приговорили к пожизненному сроку,https://news.mail.ru/society/72526268/,20260928T141500Z,news.mail.ru,Russian,Russia,,,,,detained,no
2026-09-29T06:37:39.067162+00:00,detention_arrest,Arrests & detention,EL DÍA - Noticias de Bolivia para el mundo,https://www.eldia.com.bo/2026-09-28/pais/es-un-mentiroso-patologico-el-washington-post-publica-perfil-de-cerimedo-y-cuestiona-su-formacion.html,20260928T141500Z,eldia.com.bo,Spanish,Bolivia,,Bolivia,,,detained,no
2026-09-29T06:37:39.067162+00:00,detention_arrest,Arrests & detention,MEBden Osmaniyede Öğretmene Yönelik Silahlı Saldırıya İlişkin Basın Açıklaması,https://mebpersonel.com/meb-personel/mebden-osmaniyede-ogretmene-yonelik-silahli-saldiriya-iliskin-basin-h143319.html,20260928T140000Z,mebpersonel.com,Turkish,Turkey,,,,,detained,no
2026-09-29T06:37:39.067162+00:00,detention_arrest,Arrests & detention,Lover held over disposal of baby born to student at her hostel toilet,https://www.freemalaysiatoday.com/category/nation/2026/09/28/lover-held-over-disposal-of-baby-born-to-student-at-her-hostel-toilet,20260928T134500Z,freemalaysiatoday.com,English,Malaysia,,,,,detained,no
2026-09-29T06:37:39.067162+00:00,detention_arrest,Arrests & detention,Osmaniyede Bir Öğretmenin Hayatını Kaybetmesi Üzerine Okulda 2 Gün Eğitime Ara Verildi,https://www.mersinhaber.com/haber-osmaniyede-bir-ogretmenin-hayatini-kaybetmesi-uzerine-okulda-2-gun-egitime-ara-verildi/791017,20260928T131500Z,mersinhaber.com,Turkish,Turkey,,,,,detained,no
2026-09-29T06:37:39.067162+00:00,detention_arrest,Arrests & detention,Вбивство двох школярів у Шаргороді : суд оголосив вирок колишньому вчителю | БУГ,https://bug.org.ua/news/vbyvstvo-dvoh-shkolyariv-u-shargorodi-sud-ogolosyv-vyrok-kolyshnomu-vchytelyu-1062215/,20260928T131500Z,bug.org.ua,Ukrainian,Ukraine,,,,,detained,no
2026-09-29T06:37:39.067162+00:00,detention_arrest,Arrests & detention,Osmaniyede okul bahçesinde öğretmene silahlı saldırı ! ,https://www.pusulahaber.com.tr/osmaniyede-okul-bahcesinde-ogretmene-silahli-saldiri-1837671h.htm,20260928T131500Z,pusulahaber.com.tr,Turkish,Turkey,,,,,detained,no
2026-09-29T06:37:39.067162+00:00,detention_arrest,Arrests & detention,Osmaniyede silahla vurulan öğretmen hayatını kaybetti,https://www.aa.com.tr/tr/gundem/osmaniyede-silahla-vurulan-ogretmen-hayatini-kaybetti/4071609,20260928T131500Z,aa.com.tr,Turkish,Turkey,,,,,detained,no
2026-09-29T06:37:39.067162+00:00,detention_arrest,Arrests & detention,Deniz Göktaş tahliye edildi,https://www.turkiyegazetesi.com.tr/gundem/deniz-goktas-tahliye-edildi-1819155,20260928T131500Z,turkiyegazetesi.com.tr,Turkish,Turkey,,,,,detained,no
2026-09-29T06:37:39.067162+00:00,detention_arrest,Arrests & detention,Osmaniye Çardak köyünde bir öğretmen okul bahçesinde silahlı saldırıda hayatını kaybetti . ,https://www.mersinhaber.com/haber-osmaniye-cardak-koyunde-bir-ogretmen-okul-bahcesinde-silahli-saldirida-hayatini-kaybetti/790954,20260928T123000Z,mersinhaber.com,Turkish,Turkey,,,,,detained,no
2026-09-29T06:37:39.067162+00:00,detention_arrest,Arrests & detention,Osmaniyede öğretmene okul bahçesinde silahlı saldırı,https://www.sondakika.com/haber/haber-osmaniyede-ogretmene-okul-bahcesinde-silahli-20278068/,20260928T123000Z,sondakika.com,Turkish,Turkey,,,,,detained,no
2026-09-29T06:37:39.067162+00:00,detention_arrest,Arrests & detention,Hovrätten fastställer livstidsdom för hedersmord,https://www.aftonbladet.se/nyheter/a/Rr77qd/aftonbladet-direkt?pinnedEntry=1497347,20260928T114500Z,aftonbladet.se,Swedish,Sweden,,,,,detained,no
2026-09-29T06:37:39.067162+00:00,detention_arrest,Arrests & detention,Osmaniyede okullar tatil mi ? 28 Eylül 2026 Valilik açıklaması gündemde,https://www.turkiyegazetesi.com.tr/haberler/osmaniyede-okullar-tatil-mi-28-eylul-2026-valilik-aciklamasi-gundemde-1819144,20260928T113000Z,turkiyegazetesi.com.tr,Turkish,Turkey,,,,,detained,no
2026-09-29T06:37:39.067162+00:00,detention_arrest,Arrests & detention,"FACT CHECK : Romualdez still detained , no evidence of planned escape abroad",https://www.rappler.com/newsbreak/fact-check/martin-romualdez-detained-no-evidence-planned-escape-abroad/,20260928T113000Z,rappler.com,English,Philippines,,,,,detained,no
2026-09-29T06:37:39.067162+00:00,detention_arrest,Arrests & detention,Osmaniyede silahla vurulan öğretmen hayatını kaybetti - Osmaniye Son Dakika Haberleri,https://yerel-haberler.haberturk.com/osmaniye-haberleri/osmaniyede-silahla-vurulan-ogretmen-hayatini-kaybetti-42591751,20260928T111500Z,yerel-haberler.haberturk.com,Turkish,Turkey,,,,,detained,no
2026-09-29T06:37:39.067162+00:00,detention_arrest,Arrests & detention,Osmaniyede okul bahçesinde silahla vurulan Öğretmen Mehmet Bilgili hayatını kaybetti,https://www.evrensel.net/haber/6002442/osmaniye-de-okul-bahcesinde-silahla-vurulan-ogretmen-mehmet-bilgili-hayatini-kaybetti,20260928T111500Z,evrensel.net,Turkish,Turkey,,,,,detained,no
2026-09-29T06:37:39.067162+00:00,detention_arrest,Arrests & detention,Okulda silahlı saldırı : Öğretmen hayatını kaybetti,https://www.birgun.net/haber/okulda-silahli-saldiri-ogretmen-hayatini-kaybetti-737406%20class=slide-legend-link%20target=_blank,20260928T110000Z,birgun.net,Turkish,Turkey,,,,,detained,no
2026-09-29T06:37:39.067162+00:00,detention_arrest,Arrests & detention,Prezydent Serbii Aleksandar Vucić zrezygnował z urzędu,https://dorzeczy.pl/swiat/949423/prezydent-serbii-aleksandar-vucic-zrezygnowal-z-urzedu.html,20260928T110000Z,dorzeczy.pl,Polish,Poland,,,,,detained,no
2026-09-29T06:37:39.067162+00:00,detention_arrest,Arrests & detention,Gone in 90 seconds : an  invisibilized  ICE is arresting more people than ever | ICE ( US Immigration and Customs Enforcement ) ,https://www.theguardian.com/us-news/ng-interactive/2026/sep/28/ice-us-immigration-new-tactics,20260928T110000Z,theguardian.com,English,United Kingdom,,,,,detained,no
2026-09-29T06:37:39.067162+00:00,detention_arrest,Arrests & detention,Okulda silahlı saldırı : Öğretmen hayatını kaybetti,https://www.birgun.net/haber/okulda-silahli-saldiri-ogretmen-hayatini-kaybetti-737406%20class=slide-link%20target=_blank,20260928T110000Z,birgun.net,Turkish,Turkey,,,,,detained,no
2026-09-29T06:37:39.067162+00:00,detention_arrest,Arrests & detention,চুয়েটে উপাচার্য পুনর্বহালের আন্দোলন : অচলাবস্থা সপ্তম দিনে,https://bangla.bdnews24.com/campus/mcmiopj5u5,20260928T101500Z,bangla.bdnews24.com,Bengali,Bangladesh,,,,,detained,no
2026-09-29T06:37:39.067162+00:00,detention_arrest,Arrests & detention,"Baloch American Congress urges UN , world leaders to address human rights violations in Balochistan",https://news.webindia123.com/news/Articles/World/20260928/4504431.html,20260928T101500Z,news.webindia123.com,English,India,,,,,detained,no
2026-09-29T06:37:39.067162+00:00,detention_arrest,Arrests & detention,İçişleri Bakanı Çiftçi Açıkladı : Okul Tehdidi Paylaşımı Yapan 2 Bin 419 Kişiye Gözaltı,https://mebpersonel.com/meb-personel/icisleri-bakani-ciftci-acikladi-okul-tehdidi-paylasimi-yapan-2-bin-h143309.html,20260928T094500Z,mebpersonel.com,Turkish,Turkey,,,,,detained,no
2026-09-29T06:37:39.067162+00:00,detention_arrest,Arrests & detention,"У лікарні помер 6 - річний Ілля , який травмувався у ДТП на Прикарпатті :: ВІКНА – Новини Калуша та Прикарпаття",https://vikna.if.ua/news/177621/view,20260928T094500Z,vikna.if.ua,Ukrainian,Ukraine,,,,,detained,no
2026-09-29T06:37:39.067162+00:00,detention_arrest,Arrests & detention,"Baloch American Congress urges UN , world leaders to address human rights violations in Balochistan",http://www.russiaherald.com/news/279337129/baloch-american-congress-urges-un-world-leaders-to-address-human-rights-violations-in-balochistan,20260928T094500Z,russiaherald.com,English,Russia,,,,,detained,no
2026-09-29T06:37:39.067162+00:00,detention_arrest,Arrests & detention,"Baloch American Congress urges UN , world leaders to address human rights violations in Balochistan",http://www.newyorkstatesman.com/news/279337129/baloch-american-congress-urges-un-world-leaders-to-address-human-rights-violations-in-balochistan,20260928T094500Z,newyorkstatesman.com,English,United States,,,,,detained,no
2026-09-29T06:37:39.067162+00:00,detention_arrest,Arrests & detention,"Bengal : Situation normal at SRFTI day after clash between right - wing consumer group , students",https://www.hindustantimes.com/india-news/bengal-situation-normal-at-srfti-day-after-clash-between-right-wing-consumer-group-students-101790582790335.html,20260928T084500Z,hindustantimes.com,English,India,,,,,detained,no
2026-09-29T06:37:39.067162+00:00,detention_arrest,Arrests & detention,"LPU students used as pawns for political revenge , alleges Akali Dal Bikram Majithia",https://news.webindia123.com/news/Articles/India/20260928/4504300.html,20260928T073000Z,news.webindia123.com,English,India,,,,,detained,no
2026-09-29T06:37:39.067162+00:00,detention_arrest,Arrests & detention,"Las series de octubre que no te debe perder : Florence Pugh ,  Carrie ,  Reina Roja  y más estrenos que son lo mejor del mes",https://www.20minutos.es/cinemania/series/series-octubre-calendario-estrenos-florence-pugh-carrie-reina-roja_7039844_0.html,20260928T073000Z,20minutos.es,Spanish,Spain,,,,,detained,no
2026-09-29T06:37:39.067162+00:00,detention_arrest,Arrests & detention,"LPU students used as pawns for political revenge , alleges Akali Dal Bikram Majithia",https://aninews.in/news/national/politics/lpu-students-used-as-pawns-for-political-revenge-alleges-akali-dals-bikram-majithia20260928110148/,20260928T070000Z,aninews.in,English,India,,,,,detained,no
2026-09-29T06:37:39.067162+00:00,detention_arrest,Arrests & detention,Serbia President Vucic resigns ahead of snap elections,https://cyprus-mail.com/2026/09/28/vucic-quits-presidency-eyes-serbia-pm-role,20260928T063000Z,cyprus-mail.com,English,Cyprus,,,,,detained,no
2026-09-29T06:37:39.067162+00:00,detention_arrest,Arrests & detention,"Chile , cuarenta años después . ¿ Cómo se construye un periodista ? ",https://www.20minutos.es/internacional/chile-cuarenta-anos-despues-como-construye-periodista_7041863_0.html,20260928T053000Z,20minutos.es,Spanish,Spain,,,,,detained,no
2026-09-29T06:37:39.067162+00:00,detention_arrest,Arrests & detention, 【 退黨中心 】 出入境新規 正在成形的數字柏林牆 | 數字鐵幕 | 肉身芯片 | 選擇性執法,https://www.ntdtv.com/b5/2026/09/27/a104136870.html,20260928T041500Z,ntdtv.com,Chinese,China,,,,,detained,no
2026-09-29T06:37:39.067162+00:00,detention_arrest,Arrests & detention,Hobbs Police hold press conference following Highland Middle School shooting,https://cbs4local.com/newsletter-daily/hobbs-police-hold-press-conference-following-highland-middle-school-shooting,20260928T024500Z,cbs4local.com,English,United States,,,,,detained,no
2026-09-29T06:37:39.067162+00:00,detention_arrest,Arrests & detention,Okuldaki görevliyi görünce Turgutlu saldırganı planını değiştirmiş : Saldırganın ifadesini Bakan Çiftçi açıkladı,https://www.tgrthaber.com/gundem/okuldaki-gorevliyi-gorunce-turgutlu-saldirgani-planini-degistirmis-saldirganin-ifades-3361870,20260927T201500Z,tgrthaber.com,Turkish,,,,,,detained,no
2026-09-29T06:37:39.067162+00:00,detention_arrest,Arrests & detention,"Bakan Çiftçi : Okulun içerisinde , okulun bahçesinde , okulun dışında bizim de birtakım tedbirlerimiz var",https://www.konhaber.com/guncel/bakan_ciftci_okulun_icerisinde_okulun_bahcesinde_okulun_disinda_bizim_de_birtakim_tedbirlerimiz_var-2010173h,20260927T194500Z,konhaber.com,Turkish,Turkey,,,,,detained,no
2026-09-29T06:37:39.067162+00:00,detention_arrest,Arrests & detention,Bakan Çiftçi : 2 bin 419 çocuk gözaltına alındı,https://mansethaber.com/gundem/bakan-ciftciden-carpici-rakam-2-bin-419-cocuk-gozaltina-alindi,20260927T194500Z,mansethaber.com,Turkish,Turkey,,,,,detained,no
2026-09-29T06:37:39.067162+00:00,detention_arrest,Arrests & detention,"  Okulun içerisinde , okulun bahçesinde , okulun dışında bizim de birtakım tedbirlerimiz var  ",https://www.trthaber.com/haber/gundem/bakan-ciftci-okulun-icerisinde-okulun-bahcesinde-okulun-disinda-bizim-de-birtakim-tedbirlerimiz-var-958321.html,20260927T191500Z,trthaber.com,Turkish,Turkey,,,,,detained,no
2026-09-29T06:37:39.067162+00:00,detention_arrest,Arrests & detention,Fact - checking immigrant visa interviews at US Embassy Manila,https://www.manilatimes.net/2026/09/28/opinion/columns/fact-checking-immigrant-visa-interviews-at-us-embassy-manila/2433684,20260927T183000Z,manilatimes.net,English,Philippines,,,,,detained,no
2026-09-29T06:37:39.067162+00:00,detention_arrest,Arrests & detention,İçişleri Bakanı Çiftçi : Eylem yapacağı ile ilgili paylaşımlarda bulunan 2 bin 419 kişiyi gözaltına aldık,https://www.aa.com.tr/tr/gundem/icisleri-bakani-ciftci-eylem-yapacagi-ile-ilgili-paylasimlarda-bulunan-2-bin-419-kisiyi-gozaltina-aldik/4070917,20260927T183000Z,aa.com.tr,Turkish,Turkey,,,,,detained,no
2026-09-29T06:37:39.067162+00:00,detention_arrest,Arrests & detention,Yaşlı adama sokak ortasında yumruklu saldırı,https://www.haberler.com/haberler/yasli-adama-sokak-ortasinda-yumruklu-saldiri-20276319-haberi/,20260927T174500Z,haberler.com,Turkish,Turkey,,,,,detained,no
2026-09-29T06:37:39.067162+00:00,detention_arrest,Arrests & detention,Yaşlı adama sokak ortasında yumruklu saldırı,https://www.sondakika.com/haber/haber-yasli-adama-sokak-ortasinda-yumruklu-saldiri-20276320/,20260927T174500Z,sondakika.com,Turkish,Turkey,,,,,detained,no
2026-09-29T06:37:39.067162+00:00,detention_arrest,Arrests & detention,İzmirde kadın örgütleri Rojin Kabaiş davasında delillerin karartıldığını savundu,https://www.haberler.com/yerel/izmir-de-kadin-orgutleri-rojin-kabais-davasinda-20276261-haberi/,20260927T171500Z,haberler.com,Turkish,Turkey,,,,,detained,no
2026-09-29T06:37:39.067162+00:00,detention_arrest,Arrests & detention,"Unions to go on 3 - day nationwide bank strike from September 28 , services to be impacted",https://www.thehindu.com/newsletter/the-evening-wrap/unions-to-go-on-3-day-nationwide-bank-strike-from-september-28-services-to-be-impacted/article71516775.ece,20260927T171500Z,thehindu.com,English,India,,,,,detained,yes
2026-09-29T06:37:39.067162+00:00,detention_arrest,Arrests & detention,"Called us  cockroache ,  anti - national : Kolkata SRFTI students , right - wing group clash during event",https://www.hindustantimes.com/india-news/called-us-cockroaches-anti-national-kolkata-film-srfti-students-right-wing-consumer-group-clash-during-event-101790521825330.html,20260927T170000Z,hindustantimes.com,English,India,,,,,detained,no
2026-09-29T06:37:39.067162+00:00,detention_arrest,Arrests & detention,Assam : Gaurav Gogoi condemns detention of CJP activists in Guwahati,http://www.indiagazette.com/news/279335650/assam-gaurav-gogoi-condemns-detention-of-cjp-activists-in-guwahati,20260927T170000Z,indiagazette.com,English,India,,,,,detained,yes
2026-09-29T06:37:39.067162+00:00,detention_arrest,Arrests & detention,Fransada 6 avukat liselilere polis şiddeti iddiasıyla şikayet dilekçesi verdi,https://www.haberler.com/guncel/fransa-da-6-avukat-liselilere-polis-siddeti-20276159-haberi/,20260927T160000Z,haberler.com,Turkish,Turkey,,,,,detained,no
2026-09-29T06:37:39.067162+00:00,detention_arrest,Arrests & detention,"Student found dead at Guwahati homestay , father alleges gang rape , murder",https://www.hindustantimes.com/india-news/student-found-dead-at-guwahati-homestay-father-alleges-gang-rape-murder-101790521015158.html,20260927T154500Z,hindustantimes.com,English,India,,,,,detained,no
2026-09-29T06:37:39.067162+00:00,detention_arrest,Arrests & detention,Assam : Gaurav Gogoi condemns detention of CJP activists in Guwahati,https://news.webindia123.com/news/Articles/India/20260927/4504130.html,20260927T153000Z,news.webindia123.com,English,India,,,,,detained,yes
2026-09-29T06:37:39.067162+00:00,detention_arrest,Arrests & detention,CHP : Ortalığa vurkaılar hakim,https://www.odatv.com/siyaset/chp-ortaliga-vurkaccilar-hakim-120164234,20260927T153000Z,odatv.com,Turkish,Turkey,,,,,detained,no
2026-09-29T06:37:39.067162+00:00,detention_arrest,Arrests & detention,نظارة الوزير في السيارة .. قصة احتجاز 4 صحفيين في الكاميرون اتهموا بسرقتها,https://www.aljazeera.net/media/2026/9/27/%D9%86%D8%B8%D8%A7%D8%B1%D8%A9-%D8%A7%D9%84%D9%88%D8%B2%D9%8A%D8%B1-%D9%81%D9%8A-%D8%A7%D9%84%D8%B3%D9%8A%D8%A7%D8%B1%D8%A9-%D9%82%D8%B5%D8%A9-%D8%A7%D8%AD%D8%AA%D8%AC%D8%A7%D8%B2-4,20260927T143000Z,aljazeera.net,Arabic,Israel,,,,,detained,no
2026-09-29T06:37:39.067162+00:00,detention_arrest,Arrests & detention,Tag : united _ kingdom,https://newsroomamerica.com/tag/united_kingdom,20260927T143000Z,newsroomamerica.com,English,United States,,,,,detained,no
2026-09-29T06:37:39.067162+00:00,detention_arrest,Arrests & detention,FBI Los Angeles : $1 Million Reward for Alleged Transnational Crime Gang Boss,https://kfiam640.iheart.com/content/2026-09-28-fbi-los-angeles-1-million-reward-for-alleged-transnational-crime-gang-boss/,20260929T040000Z,kfiam640.iheart.com,English,United States,,,,,imprisoned,no
2026-09-29T06:37:39.067162+00:00,detention_arrest,Arrests & detention,"Fugitive Satinderjeet Singh , Also Known as Goldy Brar , Wanted for RICO Conspiracy , Targeted Killings , Extortion and Narcotics Offenses , Added to the FBI List of Ten Most Wanted Fugitives",https://newsindiatimes.com/fugitive-satinderjeet-singh-also-known-as-goldy-brar-wanted-for-rico-conspiracy-targeted-killings-extortion-and-narcotics-offenses-added-to-the-fbis-list-of-ten-most-wanted-fugitives/,20260929T024500Z,newsindiatimes.com,English,United States,,,,,imprisoned,no
2026-09-29T06:37:39.067162+00:00,detention_arrest,Arrests & detention,FBI Announces $1M Reward for Alleged Transnational Crime Gang Boss,https://mynewsla.com/crime/2026/09/28/fbi-los-angeles-1-million-reward-for-alleged-transnational-crime-gang-boss-2/,20260929T011500Z,mynewsla.com,English,United States,,,,,imprisoned,no
2026-09-29T06:37:39.067162+00:00,detention_arrest,Arrests & detention,FBI offers $1M reward for information on suspect in B . C . gurdwara killing,https://missioncityrecord.com/2026/09/28/fbi-offers-1m-reward-for-information-on-suspect-in-b-c-gurdwara-killing/,20260929T010000Z,missioncityrecord.com,English,Canada,,,,,imprisoned,no
2026-09-29T06:37:39.067162+00:00,detention_arrest,Arrests & detention,"Satinderjeet Singh , a . k . a .  Goldy Brar , now on FBI  Ten Most Wanted Fugitive list",https://voiceonline.com/satinderjeet-singh-a-k-a-goldy-brar-now-on-fbis-ten-most-wanted-fugitives-list/,20260929T010000Z,voiceonline.com,English,Canada,,,,,imprisoned,no
2026-09-29T06:37:39.067162+00:00,detention_arrest,Arrests & detention,FBI offers $1M reward for information on suspect in B . C . gurdwara killing,https://thefreepress.ca/2026/09/28/fbi-offers-1m-reward-for-information-on-suspect-in-b-c-gurdwara-killing/,20260929T010000Z,thefreepress.ca,English,Canada,,,,,imprisoned,no
2026-09-29T06:37:39.067162+00:00,detention_arrest,Arrests & detention,FBI offers $1M reward for information on suspect in B . C . gurdwara killing,https://kelownacapnews.com/2026/09/28/fbi-offers-1m-reward-for-information-on-suspect-in-b-c-gurdwara-killing/,20260929T004500Z,kelownacapnews.com,English,Canada,,,,,imprisoned,no
2026-09-29T06:37:39.067162+00:00,detention_arrest,Arrests & detention,FBI offers $1M reward for information on suspect in B . C . gurdwara killing,https://grandforksgazette.ca/2026/09/28/fbi-offers-1m-reward-for-information-on-suspect-in-b-c-gurdwara-killing/,20260929T004500Z,grandforksgazette.ca,English,Canada,,,,,imprisoned,no
2026-09-29T06:37:39.067162+00:00,detention_arrest,Arrests & detention,FBI offers $1M reward for information on suspect in B . C . gurdwara killing,https://saobserver.net/2026/09/28/fbi-offers-1m-reward-for-information-on-suspect-in-b-c-gurdwara-killing/,20260929T000000Z,saobserver.net,English,Canada,,,,,imprisoned,no
2026-09-29T06:37:39.067162+00:00,detention_arrest,Arrests & detention,Świętochłowice . Mirella  zniknęła  na 27 lat . Teraz uczy się życia od nowa i  cieszy z każdego dnia  ,https://tvn24.pl/katowice/swietochlowice-mirella-zniknela-na-27-lat-teraz-uczy-sie-zycia-od-nowa-i-cieszy-z-kazdego-dnia-st9259391,20260928T233000Z,tvn24.pl,Polish,Poland,,,,,imprisoned,no
2026-09-29T06:37:39.067162+00:00,detention_arrest,Arrests & detention,FBI offers $1M reward for information on suspect in B . C . gurdwara killing,https://aldergrovestar.com/2026/09/28/fbi-offers-1m-reward-for-information-on-suspect-in-b-c-gurdwara-killing/,20260928T233000Z,aldergrovestar.com,English,Canada,,,,,imprisoned,no
2026-09-29T06:37:39.067162+00:00,detention_arrest,Arrests & detention,FBI offers $1M reward for information on suspect in B . C . gurdwara killing,https://vicnews.com/2026/09/28/fbi-offers-1m-reward-for-information-on-suspect-in-b-c-gurdwara-killing/,20260928T233000Z,vicnews.com,English,Canada,,,,,imprisoned,no
2026-09-29T06:37:39.067162+00:00,detention_arrest,Arrests & detention,"After a life in isolation , a Tennessee woman waits for her execution",https://www.nzherald.co.nz/world/after-a-life-in-isolation-a-tennessee-woman-waits-for-her-execution/premium/L3JBOMKARVB47FQKNLY35EIOHU/,20260928T230000Z,nzherald.co.nz,English,New Zealand,,,,,imprisoned,no
2026-09-29T06:37:39.067162+00:00,detention_arrest,Arrests & detention,FBI offers $1M reward for information on suspect in B . C . gurdwara killing,https://cranbrooktownsman.com/2026/09/28/fbi-offers-1m-reward-for-information-on-suspect-in-b-c-gurdwara-killing/,20260928T224500Z,cranbrooktownsman.com,English,Canada,,,,,imprisoned,no
2026-09-29T06:37:39.067162+00:00,detention_arrest,Arrests & detention,FBI offers $1M reward for information on suspect in B . C . gurdwara killing,https://ladysmithchronicle.com/2026/09/28/fbi-offers-1m-reward-for-information-on-suspect-in-b-c-gurdwara-killing/,20260928T221500Z,ladysmithchronicle.com,English,Canada,,,,,imprisoned,no
2026-09-29T06:37:39.067162+00:00,detention_arrest,Arrests & detention,FBI offers $1M reward for information on suspect in B . C . gurdwara killing,https://ominecaexpress.com/2026/09/28/fbi-offers-1m-reward-for-information-on-suspect-in-b-c-gurdwara-killing/,20260928T221500Z,ominecaexpress.com,English,Canada,,,,,imprisoned,no
2026-09-29T06:37:39.067162+00:00,detention_arrest,Arrests & detention,FBI offers $1M reward for information on suspect in Surrey gurdwara killing,https://cloverdalereporter.com/2026/09/28/fbi-offers-1m-reward-for-information-on-suspect-in-surrey-gurdwara-killing/,20260928T221500Z,cloverdalereporter.com,English,Canada,,,,,imprisoned,no
2026-09-29T06:37:39.067162+00:00,detention_arrest,Arrests & detention,FBI offers $1M reward for information on suspect in B . C . gurdwara killing,https://hopestandard.com/2026/09/28/fbi-offers-1m-reward-for-information-on-suspect-in-b-c-gurdwara-killing/,20260928T221500Z,hopestandard.com,English,Canada,,,,,imprisoned,no
2026-09-29T06:37:39.067162+00:00,detention_arrest,Arrests & detention,FBI offers $1M reward for information on suspect in B . C . gurdwara killing,https://comoxvalleyrecord.com/2026/09/28/fbi-offers-1m-reward-for-information-on-suspect-in-b-c-gurdwara-killing/,20260928T220000Z,comoxvalleyrecord.com,English,Canada,,,,,imprisoned,no
2026-09-29T06:37:39.067162+00:00,detention_arrest,Arrests & detention,FBI offers $1M reward for information on suspect in B . C . gurdwara killing,https://nanaimobulletin.com/2026/09/28/fbi-offers-1m-reward-for-information-on-suspect-in-b-c-gurdwara-killing/,20260928T220000Z,nanaimobulletin.com,English,Canada,,,,,imprisoned,no
2026-09-29T06:37:39.067162+00:00,detention_arrest,Arrests & detention,FBI offers $1M reward for information on suspect in B . C . gurdwara killing,https://clearwatertimes.com/2026/09/28/fbi-offers-1m-reward-for-information-on-suspect-in-b-c-gurdwara-killing/,20260928T220000Z,clearwatertimes.com,English,Canada,,,,,imprisoned,no
2026-09-29T06:37:39.067162+00:00,detention_arrest,Arrests & detention,FBI offers $1M reward for information on suspect in B . C . gurdwara killing,https://yukon-news.com/2026/09/28/fbi-offers-1m-reward-for-information-on-suspect-in-b-c-gurdwara-killing/,20260928T220000Z,yukon-news.com,English,Canada,,,,,imprisoned,no
2026-09-29T06:37:39.067162+00:00,detention_arrest,Arrests & detention,FBI offers $1M reward for information on suspect in B . C . gurdwara killing,https://wltribune.com/2026/09/28/fbi-offers-1m-reward-for-information-on-suspect-in-b-c-gurdwara-killing/,20260928T214500Z,wltribune.com,English,Canada,,,,,imprisoned,no
2026-09-29T06:37:39.067162+00:00,detention_arrest,Arrests & detention,FBI offers $1M reward for information on suspect in B . C . gurdwara killing,https://abbynews.com/2026/09/28/fbi-offers-1m-reward-for-information-on-suspect-in-b-c-gurdwara-killing/,20260928T214500Z,abbynews.com,English,Canada,,,,,imprisoned,no
2026-09-29T06:37:39.067162+00:00,detention_arrest,Arrests & detention,"Oct . 14 - 18 , UAB Theatre kicks off season of power plays with  We Are Proud to Present  ",https://www.uab.edu/news/arts-events/oct-14-18-uab-theatre-kicks-off-season-of-power-plays-with-we-are-proud-to-present,20260928T174500Z,uab.edu,English,United States,,,,,imprisoned,no
2026-09-29T06:37:39.067162+00:00,detention_arrest,Arrests & detention,"Deux étudiantes piégées dans leur Airbnb , frappées au couteau et dépouillées à Montauban : un suspect interpellé devant la gare a été écroué , son complice est recherché",https://www.ladepeche.fr/2026/09/28/deux-etudiantes-piegees-dans-leur-airbnb-frappees-au-couteau-et-depouillees-a-montauban-un-suspect-interpelle-devant-la-gare-a-ete-ecroue-son-complice-13572936.php,20260928T164500Z,ladepeche.fr,French,France,,,,,imprisoned,no
2026-09-29T06:37:39.067162+00:00,detention_arrest,Arrests & detention,"Museo Mitoraj w Pietrasancie – dom , który polski rzeźbiarz znalazł we Włoszech – Kurier Wileński",https://kurierwilenski.lt/2026/09/28/museo-mitoraj-w-pietrasancie-dom-ktory-polski-rzezbiarz-znalazl-we-wloszech/,20260928T154500Z,kurierwilenski.lt,Polish,Lithuania,,,,,imprisoned,no
2026-09-29T06:37:39.067162+00:00,detention_arrest,Arrests & detention,Un joven murió aplastado por una carroza en la Fiesta de los Estudiantes,https://www.nuevodiarioweb.com.ar/policiales/info-santiago-estero-tragedia-un-joven-murio-aplastado-por-una-carroza-en-la-fiesta-de-los-estudiantes.htm,20260928T131500Z,nuevodiarioweb.com.ar,Spanish,Argentina,,,,,imprisoned,no
2026-09-29T06:37:39.067162+00:00,detention_arrest,Arrests & detention,What El - Sayed Wont Say About Iran Tells Michigan Everything,https://patriotpost.us/opinion/1001386-what-el-sayed-wont-say-about-iran-tells-michigan-everything,20260928T113000Z,patriotpost.us,English,United States,,,,,imprisoned,no
2026-09-29T06:37:39.067162+00:00,detention_arrest,Arrests & detention,石家庄初三全日制补课需求持续升温 锐满分教育以精细化管理探索备考新路径 _ 中华网,https://digi.china.com/articles/20260928/202609281962721.html,20260928T110000Z,digi.china.com,Chinese,China,,,,,imprisoned,no
2026-09-29T06:37:39.067162+00:00,detention_arrest,Arrests & detention,"Nejen vězení . Václava Havla pojila s Ostravou i rodina , měl zde dědečka",https://www.novinky.cz/clanek/historie-nejen-vezeni-vaclava-havla-pojila-s-ostravou-i-rodina-mel-zde-dedecka-40599653,20260928T110000Z,novinky.cz,Czech,Czech Republic,,,,,imprisoned,no
2026-09-29T06:37:39.067162+00:00,detention_arrest,Arrests & detention,"Flavio Bolsonaro , lhéritier politique à lombre du père",https://www.franceguyane.fr/actualite/international/flavio-bolsonaro-lheritier-politique-a-lombre-du-pere-1094341.php,20260928T063000Z,franceguyane.fr,French,France,,,,,imprisoned,no
2026-09-29T06:37:39.067162+00:00,detention_arrest,Arrests & detention,Blogging their way to freedom - Antony Loewenstein,https://antonyloewenstein.com/blogging-their-way-to-freedom/,20260928T050000Z,antonyloewenstein.com,English,Israel,,,,,imprisoned,no
2026-09-29T06:37:39.067162+00:00,detention_arrest,Arrests & detention,The Edjop effect,https://www.philstar.com/opinion/2026/09/28/2559334/edjop-effect,20260927T171500Z,philstar.com,English,Philippines,,,,,imprisoned,no
2026-09-29T06:37:39.067162+00:00,detention_arrest,Arrests & detention,رسالة من ولد عبد العزيز للرئيس الغزواني تعيد ملفه للواجهة,https://www.alquds.co.uk/%D8%B1%D8%B3%D8%A7%D9%84%D8%A9-%D9%85%D9%86-%D9%88%D9%84%D8%AF-%D8%B9%D8%A8%D8%AF-%D8%A7%D9%84%D8%B9%D8%B2%D9%8A%D8%B2-%D9%84%D9%84%D8%B1%D8%A6%D9%8A%D8%B3-%D8%A7%D9%84%D8%BA%D8%B2%D9%88%D8%A7%D9%86/,20260927T171500Z,alquds.co.uk,Arabic,United Kingdom,,,,,imprisoned,no
2026-09-29T06:37:39.067162+00:00,detention_arrest,Arrests & detention,ਆਜ਼ਾਦੀ ਦੇ ਸੰਘਰਸ਼  ਚ ਲੁਧਿਆਣਾ ਦੇ ਸ਼ਹੀਦਾਂ ਦੀ ਅਮਰ ਗਾਥਾ - The Immortal Saga of Ludhiana Martyrs in the Freedom Struggle,https://www.punjabijagran.com/editorial/general-the-immortal-saga-of-ludhianas-martyrs-in-the-freedom-struggle-9687954.html,20260927T161500Z,punjabijagran.com,Punjabi,,,,,,imprisoned,no
2026-09-29T06:37:39.067162+00:00,detention_arrest,Arrests & detention,Rutgers University leftist student coalition marches against ICE,https://www.thecollegefix.com/rutgers-university-leftist-student-coalition-marches-against-ice/,20260927T153000Z,thecollegefix.com,English,United States,,,,,imprisoned,no
2026-09-29T06:37:39.067162+00:00,detention_arrest,Arrests & detention,اعتُقل من أمام النقابة وأمضى 10 سنوات خلف القضبان رهن الحبس الاحتياطي ... صحافي مصري يمتنع عن حضور جلسات محاكمته,https://www.alquds.co.uk/%D8%A7%D8%B9%D8%AA%D9%8F%D9%82%D9%84-%D9%85%D9%86-%D8%A3%D9%85%D8%A7%D9%85-%D8%A7%D9%84%D9%86%D9%82%D8%A7%D8%A8%D8%A9-%D9%88%D8%A3%D9%85%D8%B6%D9%89-10-%D8%B3%D9%86%D9%88%D8%A7%D8%AA-%D8%AE%D9%84/,20260927T093000Z,alquds.co.uk,Arabic,United Kingdom,,,,,imprisoned,no
2026-09-29T06:37:39.067162+00:00,legal_harassment,Legal harassment & lawfare,Latest Articles,https://freerepublic.com/tag/*/index?more=4397196,20260928T233000Z,freerepublic.com,English,United States,,,,,indicted,no
2026-09-29T06:37:39.067162+00:00,legal_harassment,Legal harassment & lawfare,Two arrested near Ole Miss as cops uncover over 500 units of kratom just days after students found dead,https://www.sott.net/article/508630-Two-arrested-near-Ole-Miss-as-cops-uncover-over-500-units-of-kratom-just-days-after-students-found-dead,20260928T220000Z,sott.net,English,United States,,,,,indicted,no
2026-09-29T06:37:39.067162+00:00,legal_harassment,Legal harassment & lawfare,Case 3000 : Dragon arrival leaves Benjamin Netanyahu questions unanswered,http://www.jpost.com/israel-news/defense-news/article-910015,20260928T184500Z,jpost.com,English,Israel,,,,,indicted,no
2026-09-29T06:37:39.067162+00:00,legal_harassment,Legal harassment & lawfare,Crime | Aluno ataca colega de turma com uma faca,https://hojemacau.com.mo/2026/09/29/crime-aluno-ataca-colega-de-turma-com-uma-faca/,20260928T181500Z,hojemacau.com.mo,Portuguese,Macau,,,,,indicted,no
2026-09-29T06:37:39.067162+00:00,legal_harassment,Legal harassment & lawfare,Mississippi vape shop owner indicted for synthetic cannabinoid trafficking,https://www.foxnews.com/us/yemen-born-vape-shop-owner-ole-miss-fled-country-synthetic-drug-trafficking-indictment-docs,20260928T181500Z,foxnews.com,English,United States,,,,,indicted,no
2026-09-29T06:37:39.067162+00:00,legal_harassment,Legal harassment & lawfare,"Radio Station WHMI 93 . 5 FM Livingston County Michigan News , Weather , Traffic , Sports , School Updates , and the Best Classic Hit",https://www.whmi.com/news/fox/yemen-born-vape-shop-owner-ole-miss-fled-country-synthetic-drug-trafficking-indictment-docs,20260928T180000Z,whmi.com,English,United States,,,,,indicted,no
2026-09-29T06:37:39.067162+00:00,legal_harassment,Legal harassment & lawfare,TIMELINE : Here what we know about the disappearance and death of 18 - year - old Nolan Wells,https://www.live5news.com/2026/07/07/timeline-heres-what-we-know-about-disappearance-death-18-year-old-nolan-wells/,20260928T164500Z,live5news.com,English,United States,,,,,indicted,no
2026-09-29T06:37:39.067162+00:00,legal_harassment,Legal harassment & lawfare,Quanto possiamo fidarci di Pangram ? ,https://www.ilpost.it/2026/09/28/pangram-riconoscimento-testo-ai/,20260928T111500Z,ilpost.it,Italian,Italy,,,,,indicted,no
2026-09-29T06:37:39.067162+00:00,legal_harassment,Legal harassment & lawfare,"Ole Miss toxicology reports expected soon and results may trigger anti - fentanyl law , official says",https://www.fox4news.com/news/ole-miss-toxicology-reports-expected-soon-results-may-trigger-anti-fentanyl-law-official-says,20260927T144500Z,fox4news.com,English,United States,,,,,indicted,no
2026-09-29T06:37:39.067162+00:00,legal_harassment,Legal harassment & lawfare,Clarence Darrow,https://www.thenation.com/article/archive/clarence-darrow/,20260927T103000Z,thenation.com,English,United States,,,,,indicted,no
2026-09-29T06:37:39.067162+00:00,legal_harassment,Legal harassment & lawfare,"Μετακινείται σε άλλο νηπιαγωγείο η διευθύντρια που απειλούσε μαθητές στα Άνω Λιόσια – Σάλος με το βίντεο , « έτσι και το χαλάσετε , σας έφαγα τα χέρια » ",https://www.newsbeast.gr/society/arthro/13387562/metakineitai-se-allo-nipiagogeio-i-diefthyntria-pou-fonaze-kai-apeilouse-mathites-sta-ano-liosia-salos-me-to-vinteo,20260929T061500Z,newsbeast.gr,Greek,Greece,,,,,lawsuit,no
2026-09-29T06:37:39.067162+00:00,legal_harassment,Legal harassment & lawfare,Hollywood - stjerne raser : – Vær sinte på våre vegne,https://www.tv2.no/nyheter/hollywood-stjerne-raser-vaer-sinte-pa-vare-vegne/19270257/,20260929T061500Z,tv2.no,Norwegian,Norway,,,,,lawsuit,no
2026-09-29T06:37:39.067162+00:00,legal_harassment,Legal harassment & lawfare,KRULL COMMENTARY - Rokita and Beckwith in black & white,https://www.suncommercial.com/gcdailyworld/gcdailyworld/article_6cd5ab19-5bd2-57d3-8f8b-bd6813aef16f.html,20260929T054500Z,suncommercial.com,English,United States,,,,,lawsuit,no
2026-09-29T06:37:39.067162+00:00,legal_harassment,Legal harassment & lawfare,Heated debate erupts over rainbow sticker ban at Detroit Lakes school meeting,https://www.inforum.com/news/minnesota/heated-debate-erupts-over-rainbow-sticker-ban-at-detroit-lakes-school-meeting,20260929T054500Z,inforum.com,English,United States,,,,,lawsuit,no
2026-09-29T06:37:39.067162+00:00,legal_harassment,Legal harassment & lawfare,Detroit Lakes  rainbow ban  policy gets first formal reading amid packed crowd,https://www.valleynewslive.com/2026/09/29/detroit-lakes-rainbow-ban-policy-gets-first-formal-reading-amid-packed-crowd/,20260929T053000Z,valleynewslive.com,English,United States,,,,,lawsuit,no
2026-09-29T06:37:39.067162+00:00,legal_harassment,Legal harassment & lawfare, 「 雞排妹御用律師 」 洩偵查秘密給詐團 判8月罰100萬換緩刑4年 | ETtoday社會新聞,https://www.ettoday.net/news/20260929/3245725.htm,20260929T051500Z,ettoday.net,Chinese,Taiwan,,,,,lawsuit,no
2026-09-29T06:37:39.067162+00:00,legal_harassment,Legal harassment & lawfare,Cornell Legal Analysis :  I would have never relied on campus police  ,https://cnycentral.com/news/local/cornell-legal-analysis-i-would-never-relied-on-campus-police,20260929T050000Z,cnycentral.com,English,United States,,,,,lawsuit,yes
2026-09-29T06:37:39.067162+00:00,legal_harassment,Legal harassment & lawfare,Senate passes college sports bill that would rein in athlete payments and transfers,https://www.pentictonherald.ca/news/world_news/article_7f22916e-6232-5df9-9f45-ff2ecf14579e.html,20260929T044500Z,pentictonherald.ca,English,Canada,,,,,lawsuit,no
2026-09-29T06:37:39.067162+00:00,legal_harassment,Legal harassment & lawfare,Scott Colom and Cliff Johnson joint campaign rally highlights key campaign promises,https://thedmonline.com/scott-colom-and-cliff-johnson-joint-campaign-rally-highlights-key-campaign-promises/,20260929T044500Z,thedmonline.com,English,United States,,,,,lawsuit,yes
2026-09-29T06:37:39.067162+00:00,legal_harassment,Legal harassment & lawfare,Pennsylvania School District Forced to Rescind Policy to Hide Kid Gender Confusion from Parents – PJ Media,https://pjmedia.com/tim-o-brien/2026/09/28/pennsylvania-school-district-forced-to-rescind-policy-to-hide-kids-gender-confusion-from-parents-n4957744,20260929T044500Z,pjmedia.com,English,United States,,,,,lawsuit,no
2026-09-29T06:37:39.067162+00:00,legal_harassment,Legal harassment & lawfare,Senate passes college sports bill that would rein in athlete payments and transfers,https://www.kelownadailycourier.ca/news/world_news/article_d8526294-c32b-5708-aa80-79973b859f42.html,20260929T044500Z,kelownadailycourier.ca,English,Canada,,,,,lawsuit,no
2026-09-29T06:37:39.067162+00:00,legal_harassment,Legal harassment & lawfare,South Park Alum Behind Viral Websites Targets Men in Cornell Rape Suit,https://www.hollywoodreporter.com/news/general-news/south-park-alum-targets-cornell-chi-phi-men-lawsuit-1236713913/,20260929T043000Z,hollywoodreporter.com,English,United States,,,,,lawsuit,no
2026-09-29T06:37:39.067162+00:00,legal_harassment,Legal harassment & lawfare,美 아이비리그 코넬대서 7명이 집단 성폭행 ? ⋯  가해자에 韓 학생 포함  ,http://inews24.com/view/2009743,20260929T043000Z,inews24.com,Korean,,,,,,lawsuit,no
2026-09-29T06:37:39.067162+00:00,legal_harassment,Legal harassment & lawfare,Πανεπιστήμιο Κορνέλ : Καταγγελία φοιτήτριας για ομαδικό βιασμό,https://www.philenews.com/kosmos/article/1775758/panepistimio-kornel-katangelia-fititrias-gia-omadiko-viasmo-apo-meli-adelfotitas-giati-anigi-xana-o-fakelos-tis-frikiastikis-ipothesis/,20260929T041500Z,philenews.com,Greek,Cyprus,,,,,lawsuit,no
2026-09-29T06:37:39.067162+00:00,legal_harassment,Legal harassment & lawfare,Alabama Wins $100 Million Settlement From TikTok Over Teen Safety,https://wtug.com/ixp/532/p/alabama-tiktok-settlement-teen-safety/,20260929T041500Z,wtug.com,English,United States,,,,,lawsuit,no
2026-09-29T06:37:39.067162+00:00,legal_harassment,Legal harassment & lawfare,Senate passes bill to overhaul college sports,https://www.wgauradio.com/news/politics/senate-nears-vote/QHKJE6B55U46XCKXNZYWXY2JUI/,20260929T040000Z,wgauradio.com,English,United States,,,,,lawsuit,no
2026-09-29T06:37:39.067162+00:00,legal_harassment,Legal harassment & lawfare,Safety concerns rise in Five Points after another person hit by car,https://wach.com/news/local/safety-concerns-rise-in-five-points-after-another-person-hit-by-car,20260929T040000Z,wach.com,English,United States,,,,,lawsuit,no
2026-09-29T06:37:39.067162+00:00,legal_harassment,Legal harassment & lawfare,"법이 다 바뀌어도 , 두 담임의 짐은 줄지 않는다",https://www.ohmynews.com/NWS_Web/View/at_pg.aspx?CNTN_CD=A0003271059&PAGE_CD=N0002&CMPT_CD=M0122,20260929T033000Z,ohmynews.com,Korean,South Korea,,,,,lawsuit,no
2026-09-29T06:37:39.067162+00:00,legal_harassment,Legal harassment & lawfare,Port : Petition to ND Supreme Court claims four GOP legislative candidates arent qualified for the ballot,https://www.jamestownsun.com/opinion/columns/port-petition-to-nd-supreme-court-claims-four-gop-legislative-candidates-arent-qualified-for-the-ballot,20260929T024500Z,jamestownsun.com,English,United States,,,,,lawsuit,no
2026-09-29T06:37:39.067162+00:00,legal_harassment,Legal harassment & lawfare,"Married blonde psychiatrist sessions with teen patient ended in forbidden sex : Naked selfies , explicit messages ... and how she showered him with gifts right under lawyer husband nose",https://www.dailymail.com/news/article-16157789/psychiatrist-patient-sexual-misconduct-philadelphia.html,20260929T021500Z,dailymail.com,English,United States,,,,,lawsuit,no
2026-09-29T06:37:39.067162+00:00,legal_harassment,Legal harassment & lawfare,  한인 학생도 포함 … 코넬대 사교클럽  집단 성폭행  의혹 재수사,https://www.munhwa.com:443/article/11620049,20260929T021500Z,munhwa.com,Korean,,,,,,lawsuit,no
2026-09-29T06:37:39.067162+00:00,legal_harassment,Legal harassment & lawfare,Exclusive video obtained of Cornell frat text chain in alleged gang rape investigation,http://www.cbsnews.com/news/cornell-university-rape-allegation-chi-phi-snapchat-conversation/,20260929T021500Z,cbsnews.com,English,United States,,,,,lawsuit,no
2026-09-29T06:37:39.067162+00:00,legal_harassment,Legal harassment & lawfare,Students speak on Cornell  tense  atmosphere as alleged rape case unfolds,https://myfox28columbus.com/news/nation-world/students-speak-on-cornells-tense-atmosphere-as-rape-case-unfolds-seven-fraternity-chi-phi-tompkins-district-attorney-sexual-assault-ithaca-police-title-ix-grand-jury-criminal-investigation-facebook-x-report,20260929T021500Z,myfox28columbus.com,English,United States,,,,,lawsuit,no
2026-09-29T06:37:39.067162+00:00,legal_harassment,Legal harassment & lawfare,"New Epstein lawsuit raises questions about child sexual abuse images , missing computers from Palm Beach mansion",https://www.wpbf.com/article/jeffrey-epstein-lawsuit-child-sexual-abuse-images-palm-beach-mansion-computers/73931661,20260929T021500Z,wpbf.com,English,United States,,,,,lawsuit,no
2026-09-29T06:37:39.067162+00:00,legal_harassment,Legal harassment & lawfare,Students speak on Cornell  tense  atmosphere as alleged rape case unfolds,https://cbs12.com/news/nation-world/students-speak-on-cornells-tense-atmosphere-as-rape-case-unfolds-seven-fraternity-chi-phi-tompkins-district-attorney-sexual-assault-ithaca-police-title-ix-grand-jury-criminal-investigation-facebook-x-report,20260929T020000Z,cbs12.com,English,United States,,,,,lawsuit,no
2026-09-29T06:37:39.067162+00:00,legal_harassment,Legal harassment & lawfare,ลุ้น  พท . ถอนตัว | เดลินิวส์,https://www.dailynews.co.th/news/6230112/,20260929T020000Z,dailynews.co.th,Thai,Thailand,,,,,lawsuit,no
2026-09-29T06:37:39.067162+00:00,legal_harassment,Legal harassment & lawfare,Students speak on Cornell  tense  atmosphere as alleged rape case unfolds,https://katv.com/news/nation-world/students-speak-on-cornells-tense-atmosphere-as-rape-case-unfolds-seven-fraternity-chi-phi-tompkins-district-attorney-sexual-assault-ithaca-police-title-ix-grand-jury-criminal-investigation-facebook-x-report,20260929T020000Z,katv.com,English,United States,,,,,lawsuit,no
2026-09-29T06:37:39.067162+00:00,legal_harassment,Legal harassment & lawfare,Community Leaders Host Podcast at ASU Cuts and Conversation Event,https://www.wvasfm.org/wvas-local/2026-09-28/community-leaders-host-podcast-at-asu-cuts-and-conversation-event,20260929T020000Z,wvasfm.org,English,United States,,,,,lawsuit,no
2026-09-29T06:37:39.067162+00:00,legal_harassment,Legal harassment & lawfare,Port : Petition to ND Supreme Court claims four GOP legislative candidates arent qualified for the ballot,https://www.wahpetondailynews.com/opinion/columns/port-petition-to-nd-supreme-court-claims-four-gop-legislative-candidates-arent-qualified-for-the-ballot,20260929T020000Z,wahpetondailynews.com,English,United States,,,,,lawsuit,no
2026-09-29T06:37:39.067162+00:00,legal_harassment,Legal harassment & lawfare,Court Tentatively Approves $78 . 7M Settlement Over Delta Fuel Dump,https://mynewsla.com/courts/2026/09/28/la-court-tentatively-approves-78-7m-settlement-over-delta-fuel-dump-2/,20260929T011500Z,mynewsla.com,English,United States,,,,,lawsuit,no
2026-09-29T06:37:39.067162+00:00,legal_harassment,Legal harassment & lawfare,الصفعات تتوالى بوجه نتنياهو مع اقتراب موعد الانتخابات الإسرائيلية .. بار يعتزم مقاضاة « بيبي » ,https://www.elwatannews.com/news/details/8367425,20260929T011500Z,elwatannews.com,Arabic,Egypt,,,,,lawsuit,no
2026-09-29T06:37:39.067162+00:00,legal_harassment,Legal harassment & lawfare,Students speak on Cornell  tense  atmosphere as alleged rape case unfolds,https://kcby.com/news/nation-world/students-speak-on-cornells-tense-atmosphere-as-rape-case-unfolds-seven-fraternity-chi-phi-tompkins-district-attorney-sexual-assault-ithaca-police-title-ix-grand-jury-criminal-investigation-facebook-x-report,20260929T011500Z,kcby.com,English,United States,,,,,lawsuit,no
2026-09-29T06:37:39.067162+00:00,legal_harassment,Legal harassment & lawfare,Students speak on Cornell  tense  atmosphere as alleged rape case unfolds,https://fox17.com/news/nation-world/students-speak-on-cornells-tense-atmosphere-as-rape-case-unfolds-seven-fraternity-chi-phi-tompkins-district-attorney-sexual-assault-ithaca-police-title-ix-grand-jury-criminal-investigation-facebook-x-report,20260929T011500Z,fox17.com,English,United States,,,,,lawsuit,no
2026-09-29T06:37:39.067162+00:00,legal_harassment,Legal harassment & lawfare,Students speak on Cornell  tense  atmosphere as alleged rape case unfolds,https://kfdm.com/news/nation-world/students-speak-on-cornells-tense-atmosphere-as-rape-case-unfolds-seven-fraternity-chi-phi-tompkins-district-attorney-sexual-assault-ithaca-police-title-ix-grand-jury-criminal-investigation-facebook-x-report,20260929T011500Z,kfdm.com,English,United States,,,,,lawsuit,no
2026-09-29T06:37:39.067162+00:00,legal_harassment,Legal harassment & lawfare,District judge Jason Scott to join the Idaho Supreme Court | Local News,http://www.postregister.com/news/local/idaho-supreme-court-welcomes-judge-with-deep-local-ties/article_ee159aa6-3e20-5f9d-86e8-3fa34d3b29cc.html,20260929T010000Z,postregister.com,English,United States,,,,,lawsuit,no
2026-09-29T06:37:39.067162+00:00,legal_harassment,Legal harassment & lawfare,Students speak on Cornell  tense  atmosphere as alleged rape case unfolds,https://abc6onyourside.com/news/nation-world/students-speak-on-cornells-tense-atmosphere-as-rape-case-unfolds-seven-fraternity-chi-phi-tompkins-district-attorney-sexual-assault-ithaca-police-title-ix-grand-jury-criminal-investigation-facebook-x-report,20260929T010000Z,abc6onyourside.com,English,United States,,,,,lawsuit,no
2026-09-29T06:37:39.067162+00:00,legal_harassment,Legal harassment & lawfare,Students speak on Cornell  tense  atmosphere as alleged rape case unfolds,https://nebraska.tv/news/nation-world/students-speak-on-cornells-tense-atmosphere-as-rape-case-unfolds-seven-fraternity-chi-phi-tompkins-district-attorney-sexual-assault-ithaca-police-title-ix-grand-jury-criminal-investigation-facebook-x-report,20260929T010000Z,nebraska.tv,English,United States,,,,,lawsuit,no
2026-09-29T06:37:39.067162+00:00,legal_harassment,Legal harassment & lawfare,"রাষ্ট্রদ্রোহ : সাবেক ওসি রাকিবুল ফের রিমান্ডে , আইনজীবী বললেন  মামলা টিকতে পারে না  ",https://bangla.bdnews24.com/bangladesh/wiekhx84mx,20260928T113000Z,bangla.bdnews24.com,Bengali,Bangladesh,,,,,sedition,no
2026-09-29T06:37:39.067162+00:00,legal_harassment,Legal harassment & lawfare,المنهج النبوي في بناء الأسرة والمحافظة عليها : الضوابط والمحددات,https://islamonline.net/%D8%A7%D9%84%D9%85%D9%86%D9%87%D8%AC-%D8%A7%D9%84%D9%86%D8%A8%D9%88%D9%8A-%D9%81%D9%8A-%D8%A8%D9%86%D8%A7%D8%A1-%D8%A7%D9%84%D8%A3%D8%B3%D8%B1%D8%A9-%D9%88%D8%A7%D9%84%D9%85%D8%AD%D8%A7%D9%81%D8%B8/,20260928T084500Z,islamonline.net,Arabic,Israel,,,,,sedition,no
2026-09-29T06:37:39.067162+00:00,legal_harassment,Legal harassment & lawfare,الفيروس قادم « 1 » ,https://akhbarelyom.com/news/newdetails/4883533/1/%D8%A7%D9%84%D9%81%D9%8A%D8%B1%D9%88%D8%B3-%D9%82%D8%A7%D8%AF%D9%85-1-,20260927T174500Z,akhbarelyom.com,Arabic,Egypt,,,,,sedition,no
2026-09-29T06:37:39.067162+00:00,legal_harassment,Legal harassment & lawfare,"Protesters urge PM to act on  corporate mafia , stop targeting activists",https://www.malaysiakini.com/news/885827-protesters-urge-pm-to-act-on-corporate-mafia-stop-targeting-activists,20260927T104500Z,malaysiakini.com,English,Malaysia,,,,,sedition,yes
2026-09-29T06:37:39.067162+00:00,legal_harassment,Legal harassment & lawfare,হাসিনার ফেরার রোডম্যাপ ! ,https://www.mzamin.com/article/44573,20260927T081500Z,mzamin.com,Bengali,Bangladesh,,,,,sedition,no
2026-09-29T06:37:39.067162+00:00,surveillance_intimidation,"Surveillance, threats & intimidation",Abort Patriarchy : DU Women Students Turn North Campus Into a March for Freedom and Safety,https://www.oneindia.com/india/abort-patriarchy-du-women-students-turn-north-campus-into-a-march-for-freedom-and-safety-8219137.html,20260929T061500Z,oneindia.com,English,India,,,,,surveillance,yes
2026-09-29T06:37:39.067162+00:00,surveillance_intimidation,"Surveillance, threats & intimidation",In Cina e Asia - Xi rilancia lagenda della sicurezza in vista del congresso di Partito,https://www.china-files.com/in-cina-e-asia-40/,20260929T060000Z,china-files.com,Italian,China,,,,,surveillance,no
2026-09-29T06:37:39.067162+00:00,surveillance_intimidation,"Surveillance, threats & intimidation","Fulvio Grimaldi - CORAGGIO IN FINALE , TERRORISMO OUT . Palestina e resto del mondo",https://www.lantidiplomatico.it/dettnews-fulvio_grimaldi__coraggio_in_finale_terrorismo_out_palestina_e_resto_del_mondo/58662_69148/,20260929T060000Z,lantidiplomatico.it,Italian,Italy,,,,,surveillance,no
2026-09-29T06:37:39.067162+00:00,surveillance_intimidation,"Surveillance, threats & intimidation"," „ Žygis už gyvybę 2026  Vilniuje : apie šeimą , atsakomybę ir visuomenės ateitį - Respublika . lt",https://www.respublika.lt/lt/naujienos/lietuva/kitos-lietuvos-zinios/zygis-uz-gyvybe-2026-vilniuje-apie-seima-atsakomybe-ir-visuomenes-ateiti/,20260929T051500Z,respublika.lt,Lithuanian,Lithuania,,,,,surveillance,no
2026-09-29T06:37:39.067162+00:00,surveillance_intimidation,"Surveillance, threats & intimidation","Make universities safe , where fear retreats and curiosity thrives",https://www.newindianexpress.com/editorial/2026/Sep/28/make-universities-safe-where-fear-retreats-and-curiosity-thrives,20260929T050000Z,newindianexpress.com,English,India,,,,,surveillance,no
2026-09-29T06:37:39.067162+00:00,surveillance_intimidation,"Surveillance, threats & intimidation",Hoy Tamaulipas - Columna Correspondencia de Jose Luis Castillo La lucha por el poder,https://hoytamaulipas.net/notas/628358/Columna-Correspondencia-de-Jose-Luis-Castillo-La-lucha-por-el-poder.html,20260929T050000Z,hoytamaulipas.net,Spanish,Mexico,,,,,surveillance,no
2026-09-29T06:37:39.067162+00:00,surveillance_intimidation,"Surveillance, threats & intimidation",Hoy Tamaulipas - Columna Claroscuro de Alejandro de Anda La ONU uneÂ … ,https://hoytamaulipas.net/notas/628316/Columna-Claroscuro-de-Alejandro-de-Anda-La-ONU-une%c2%85.html,20260929T050000Z,hoytamaulipas.net,Spanish,Mexico,,,,,surveillance,no
2026-09-29T06:37:39.067162+00:00,surveillance_intimidation,"Surveillance, threats & intimidation",I dati pubblici possono prevenire le emergenze soltanto rompendo i silos istituzionali,https://www.linkiesta.it/2026/09/dati-pubblici-prevenzione-emergenze/,20260929T044500Z,linkiesta.it,Italian,Italy,,,,,surveillance,no
2026-09-29T06:37:39.067162+00:00,surveillance_intimidation,"Surveillance, threats & intimidation","Public Safety , Police nor Sheriff will discuss St . Paddy Day After - Action Report – Flyer News",https://flyernews.com/1223776/news/public-safety-police-nor-sheriff-will-discuss-st-paddys-day-after-action-report/,20260929T044500Z,flyernews.com,English,United States,,,,,surveillance,no
2026-09-29T06:37:39.067162+00:00,surveillance_intimidation,"Surveillance, threats & intimidation",The Future of TikTok,https://flyernews.com/1223644/news/the-future-of-tiktok/,20260929T044500Z,flyernews.com,English,United States,,,,,surveillance,no
2026-09-29T06:37:39.067162+00:00,surveillance_intimidation,"Surveillance, threats & intimidation",AOC Goes Off the Deep End With Unhinged ICE Remarks at NY Town Hall,https://redstate.com/nick-arama/2026/09/28/aoc-remarks-on-ice-at-ny-town-hall-n2207491,20260929T041500Z,redstate.com,English,United States,,,,,surveillance,no
2026-09-29T06:37:39.067162+00:00,surveillance_intimidation,"Surveillance, threats & intimidation",José Mármol recibe Doctorado Honoris Causa de UNAPEC y alerta sobre riesgos de delegar el pensamiento a la IA,https://acento.com.do/actualidad/jose-marmol-recibe-doctorado-honoris-causa-de-unapec-y-alerta-sobre-riesgos-de-delegar-el-pensamiento-a-la-ia-9760959.html,20260929T041500Z,acento.com.do,Spanish,Dominican Republic,,,,,surveillance,no
2026-09-29T06:37:39.067162+00:00,surveillance_intimidation,"Surveillance, threats & intimidation","UMN removes Flock Safety camera on campus , though multiple remain",https://mndaily.com/campus/umn-removes-flock-safety-camera-on-campus-though-multiple-remain/09/28/2026/eicmndaily-com/,20260929T041500Z,mndaily.com,English,United States,,,,,surveillance,yes
2026-09-29T06:37:39.067162+00:00,surveillance_intimidation,"Surveillance, threats & intimidation",  অপারেশন ক্লিন হার্টের  আদলে অভিযানের চিন্তা,https://www.mzamin.com/article/45175,20260929T033000Z,mzamin.com,Bengali,Bangladesh,,,,,surveillance,no
2026-09-29T06:37:39.067162+00:00,surveillance_intimidation,"Surveillance, threats & intimidation",Ocasio Cortez dice que operativos de ICE son por vigilancia tras 11S,https://www.diariolibre.com/usa/actualidad/2026/09/28/ocasio-cortez-dice-que-operativos-de-ice-son-por-vigilancia-tras-11s/3672610,20260929T021500Z,diariolibre.com,Spanish,United States,,,,,surveillance,no
2026-09-29T06:37:39.067162+00:00,surveillance_intimidation,"Surveillance, threats & intimidation",Southern University at Shreveport announces major campus infrastructure upgrades,https://www.ktbs.com/community/southern-university-at-shreveport-announces-major-campus-infrastructure-upgrades/article_d13b4fb1-ea7e-4ee2-b4a5-c8ad7f9bd2f6.html,20260929T020000Z,ktbs.com,English,United States,,,,,surveillance,yes
2026-09-29T06:37:39.067162+00:00,surveillance_intimidation,"Surveillance, threats & intimidation",Alexandria Ocasio - Cortez pide abolir ICE y cuestiona su uso de vigilancia tras el 11S,https://laopinion.com/2026/09/28/alexandria-ocasio-cortez-pide-abolir-ice-y-cuestiona-su-uso-de-vigilancia-tras-el-11s/,20260929T011500Z,laopinion.com,Spanish,United States,,,,,surveillance,no
2026-09-29T06:37:39.067162+00:00,surveillance_intimidation,"Surveillance, threats & intimidation",طنجة : مرصد يحذر من خطورة انتشار حشرة  الدبور الشرقي  بالشمال ويطالب بتدخل عاجل – اليوم 24,https://alyaoum24.com/2047204.html,20260929T011500Z,alyaoum24.com,Arabic,Morocco,,,,,surveillance,no
2026-09-29T06:37:39.067162+00:00,surveillance_intimidation,"Surveillance, threats & intimidation",From professor to patient : One man journey on the frontier of lung cancer treatment,https://www.ijpr.org/npr-news/2026-09-27/from-professor-to-patient-one-mans-journey-on-the-frontier-of-lung-cancer-treatment,20260929T011500Z,ijpr.org,English,United States,,,,,surveillance,no
2026-09-29T06:37:39.067162+00:00,surveillance_intimidation,"Surveillance, threats & intimidation",UK brings AI facial authentication scanners to campus,https://kykernel.com/128434/news/uk-brings-ai-facial-authentication-scanners-to-campus/,20260929T010000Z,kykernel.com,English,United States,,,,,surveillance,yes
2026-09-29T06:37:39.067162+00:00,surveillance_intimidation,"Surveillance, threats & intimidation",Morelos y Gobierno federal investigan asesinato de estudiantes de UAEM,https://www.sinembargo.mx/4878043/fiscalia-de-morelos-y-gobierno-federal-investigan-asesinato-de-2-estudiantes-de-uaem/,20260929T010000Z,sinembargo.mx,Spanish,Mexico,,,,,surveillance,no
2026-09-29T06:37:39.067162+00:00,surveillance_intimidation,"Surveillance, threats & intimidation","  Deeply disturbing : SC takes note of rapes in Delhi - NCR , seeks report on safety measures",https://www.tribuneindia.com/news/delhi/deeply-disturbing-sc-takes-note-of-rapes-in-delhi-ncr-seeks-report-on-safety-measures/,20260929T010000Z,tribuneindia.com,English,India,,,,,surveillance,no
2026-09-29T06:37:39.067162+00:00,surveillance_intimidation,"Surveillance, threats & intimidation","Frenan escuelas históricas , reparaciones tras lluvias | La Opción de Chihuahua",https://laopcion.com.mx/juarez/frenan-escuelas-historicas-reparaciones-tras-lluvias-20260928-528630.html,20260929T004500Z,laopcion.com.mx,Spanish,Mexico,,,,,surveillance,no
2026-09-29T06:37:39.067162+00:00,surveillance_intimidation,"Surveillance, threats & intimidation",Haryana CM asks officers to ensure effective monitoring of welfare schemes,http://www.indiagazette.com/news/279338533/haryana-cm-asks-officers-to-ensure-effective-monitoring-of-welfare-schemes,20260929T004500Z,indiagazette.com,English,India,,,,,surveillance,no
2026-09-29T06:37:39.067162+00:00,surveillance_intimidation,"Surveillance, threats & intimidation",بعد 10 سنوات من الاختطاف والتعذيب والقتل .. روما تُدين 3 ضباط مصريين بالأمن الوطني بقتل  جوليو ريجيني  ,https://www.fj-p.com/435170/%D8%A8%D8%B9%D8%AF-10-%D8%B3%D9%86%D9%88%D8%A7%D8%AA-%D9%85%D9%86-%D8%A7%D9%84%D8%A7%D8%AE%D8%AA%D8%B7%D8%A7%D9%81-%D9%88%D8%A7%D9%84%D8%AA%D8%B9%D8%B0%D9%8A%D8%A8-%D9%88%D8%A7%D9%84%D9%82%D8%AA%D9%84/,20260928T233000Z,fj-p.com,Arabic,Egypt,,,,,surveillance,no
2026-09-29T06:37:39.067162+00:00,surveillance_intimidation,"Surveillance, threats & intimidation",  My day of harassment and terror : Teacher sent disturbing email after inappropriately touching student at school : JSO,https://www.news4jax.com/news/local/2026/09/28/my-day-of-harassment-and-terror-teacher-sent-disturbing-email-after-inappropriately-touching-student-at-school-jso/,20260928T224500Z,news4jax.com,English,United States,,,,,surveillance,no
2026-09-29T06:37:39.067162+00:00,surveillance_intimidation,"Surveillance, threats & intimidation","AI Is Now Rating Teachers at a united kingdom Firm on Filler Words , Pauses and  Digression as Staff Describe  Horrendous Stress  ",https://www.ibtimes.co.uk/multiverse-instructors-ai-monitoring-compass-1822478,20260928T221500Z,ibtimes.co.uk,English,United Kingdom,,,,,surveillance,no
2026-09-29T06:37:39.067162+00:00,surveillance_intimidation,"Surveillance, threats & intimidation",Haryana CM asks officers to ensure effective monitoring of welfare schemes,https://aninews.in/news/national/general-news/haryana-cm-asks-officers-to-ensure-effective-monitoring-of-welfare-schemes20260928233241/,20260928T211500Z,aninews.in,English,India,,,,,surveillance,no
2026-09-29T06:37:39.067162+00:00,surveillance_intimidation,"Surveillance, threats & intimidation",Refuerzan seguridad en el RUM y Universidad Adventista tras presuntas amenazas,https://www.telemundopr.com/noticias/puerto-rico/refuerzan-seguridad-en-el-rum-y-universidad-adventista-tras-presuntas-amenazas/2847719/,20260928T211500Z,telemundopr.com,Spanish,United States,,,,,surveillance,no
2026-09-29T06:37:39.067162+00:00,surveillance_intimidation,"Surveillance, threats & intimidation","Σχολικά κυλικεία : Η ΟΛΜΕ καταγγέλλει μονοδιάστατη στόχευση , ασφυκτικούς όρους , αυξημένο κόστος και πάνω από 350 λουκέτα - The Press Project",https://thepressproject.gr/scholika-kylikeia-i-olme-katangellei-monodiastati-stochefsi-asfyktikous-orous-afximeno-kostos-kai-pano-apo-350-louketa/,20260928T210000Z,thepressproject.gr,Greek,Greece,,,,,surveillance,no
2026-09-29T06:37:39.067162+00:00,surveillance_intimidation,"Surveillance, threats & intimidation","Delhi - NCR rape cases : SC takes suo motu cognisance , questions systemic failure in preventing crimes 14 years after Nirbhaya case",http://www.bignewsnetwork.com/news/279338411/delhi-ncr-rape-cases-sc-takes-suo-motu-cognisance-questions-systemic-failure-in-preventing-crimes-14-years-after-nirbhaya-case,20260928T200000Z,bignewsnetwork.com,English,United States,,,,,surveillance,no
2026-09-29T06:37:39.067162+00:00,surveillance_intimidation,"Surveillance, threats & intimidation","Delhi - NCR rape cases : SC takes suo motu cognisance , questions systemic failure in preventing crimes 14 years after Nirbhaya case",https://news.webindia123.com/news/Articles/India/20260928/4504664.html,20260928T200000Z,news.webindia123.com,English,India,,,,,surveillance,no
2026-09-29T06:37:39.067162+00:00,surveillance_intimidation,"Surveillance, threats & intimidation","Delhi - NCR rape cases : SC takes suo motu cognisance , questions systemic failure in preventing crimes 14 years after Nirbhaya case",http://www.asiabulletin.com/news/279338411/delhi-ncr-rape-cases-sc-takes-suo-motu-cognisance-questions-systemic-failure-in-preventing-crimes-14-years-after-nirbhaya-case,20260928T194500Z,asiabulletin.com,English,China,,,,,surveillance,no
2026-09-29T06:37:39.067162+00:00,surveillance_intimidation,"Surveillance, threats & intimidation","Delhi - NCR rape cases : SC takes suo motu cognisance , questions systemic failure in preventing crimes 14 years after Nirbhaya case",http://www.cambodiantimes.com/news/279338411/delhi-ncr-rape-cases-sc-takes-suo-motu-cognisance-questions-systemic-failure-in-preventing-crimes-14-years-after-nirbhaya-case,20260928T191500Z,cambodiantimes.com,English,Cambodia,,,,,surveillance,no
2026-09-29T06:37:39.067162+00:00,surveillance_intimidation,"Surveillance, threats & intimidation",Iranian - American analyst Lisa Daftari reveals threats and stalking after exposing the regime,https://nypost.com/2026/09/28/opinion/iranian-american-analyst-lisa-daftari-reveals-threats-and-stalking-after-exposing-the-regime/,20260928T191500Z,nypost.com,English,United States,,,,,surveillance,no
2026-09-29T06:37:39.067162+00:00,surveillance_intimidation,"Surveillance, threats & intimidation",ظهور طفل في الخامسة عشرة أمام نيابة أمن الدولة بعد 24 يومًا من الاختفاء ..  محمد خالد  بين فقدان الأب وغياب المصير,https://www.fj-p.com/435161/%D8%B8%D9%87%D9%88%D8%B1-%D8%B7%D9%81%D9%84-%D9%81%D9%8A-%D8%A7%D9%84%D8%AE%D8%A7%D9%85%D8%B3%D8%A9-%D8%B9%D8%B4%D8%B1%D8%A9-%D8%A3%D9%85%D8%A7%D9%85-%D9%86%D9%8A%D8%A7%D8%A8%D8%A9-%D8%A3%D9%85%D9%86/,20260928T191500Z,fj-p.com,Arabic,Egypt,,,,,surveillance,no
2026-09-29T06:37:39.067162+00:00,surveillance_intimidation,"Surveillance, threats & intimidation","  Quand on essaie de parler de nos droits , ça nous gaze  : des lycéens mobilisés dénoncent des violences policières",https://www.radiofrance.fr/franceinter/podcasts/l-info-de-france-inter/l-info-de-france-inter-1955971,20260928T184500Z,radiofrance.fr,French,France,,,,,surveillance,no
2026-09-29T06:37:39.067162+00:00,surveillance_intimidation,"Surveillance, threats & intimidation",8 jeunes placés en garde à vue après des violences avec les forces de lordre devant plusieurs lycées à Lille,https://www.ici.fr/hauts-de-france/nord-59/lille/8-jeunes-places-en-garde-a-vue-apres-des-violences-avec-les-forces-de-l-ordre-devant-plusieurs-lycees-a-lille-8988204,20260928T181500Z,ici.fr,French,,,,,,surveillance,no
2026-09-29T06:37:39.067162+00:00,surveillance_intimidation,"Surveillance, threats & intimidation",مقتل وإصابة 12 مسافرًا بالعبر .. عجز قوات الطوارئ يثير الغضب,https://www.newsyemen.net/news106212.html,20260928T181500Z,newsyemen.net,Arabic,Yemen,,,,,surveillance,no
2026-09-29T06:37:39.067162+00:00,surveillance_intimidation,"Surveillance, threats & intimidation",How St . Cloud School District Keeps Students Safe At School,https://kdhlradio.com/ixp/67/p/student-safety-strategies-school-resource-officers/,20260928T180000Z,kdhlradio.com,English,United States,,,,,surveillance,no
2026-09-29T06:37:39.067162+00:00,surveillance_intimidation,"Surveillance, threats & intimidation",少做一个动作 ， 上海女子损失5万元 ？ 很多人都在犯这致命错误,https://baijiahao.baidu.com/s?id=1877363882824661619,20260928T180000Z,baijiahao.baidu.com,Chinese,China,,,,,surveillance,no
2026-09-29T06:37:39.067162+00:00,surveillance_intimidation,"Surveillance, threats & intimidation",Versiones cruzadas dominan debate sobre agua contaminada con fecas en La Serena,https://www.elmostrador.cl/aqui-coquimbo/2026/09/28/versiones-cruzadas-dominan-debate-sobre-agua-contaminada-con-fecas-en-la-serena/,20260928T180000Z,elmostrador.cl,Spanish,Chile,,,,,surveillance,no
2026-09-29T06:37:39.067162+00:00,surveillance_intimidation,"Surveillance, threats & intimidation","Haryana News : गांवों में लाइब्रेरी से इंडोर जिम तक , योजनाओं की गुणवत्ता और निगरानी पर CM सैनी का जोर",https://www.khabarfast.com/haryana-cm-nayab-saini-village-library-indoor-gym-development-schemes,20260928T173000Z,khabarfast.com,Hindi,India,,,,,surveillance,no
2026-09-29T06:37:39.067162+00:00,surveillance_intimidation,"Surveillance, threats & intimidation",Meet the new Royster fellows | UNC - Chapel Hill,https://www.unc.edu/posts/2026/09/28/meet-the-new-royster-fellows/,20260928T171500Z,unc.edu,English,United States,,,,,surveillance,no
2026-09-29T06:37:39.067162+00:00,surveillance_intimidation,"Surveillance, threats & intimidation",Caso Isabelle : 25 pessoas foram ouvidas em investigao policial,https://g1.globo.com/ce/ceara/noticia/2026/09/28/caso-isabelle-caracristi-policia-ouviu-25-depoimentos-durante-investigacao-sobre-morte-de-jovem-em-fortaleza.ghtml,20260928T171500Z,g1.globo.com,Portuguese,Brazil,,,,,surveillance,no
2026-09-29T06:37:39.067162+00:00,surveillance_intimidation,"Surveillance, threats & intimidation","SC takes suo motu cognisance of recent sexual assault cases in Delhi - NCR , flags  lax patrolling  by authorities",https://www.thehindubusinessline.com/news/sc-takes-suo-motu-cognisance-of-recent-sexual-assault-cases-in-delhi-ncr-flags-lax-patrolling-by-authorities/article71520528.ece,20260928T164500Z,thehindubusinessline.com,English,India,,,,,surveillance,no
2026-09-29T06:37:39.067162+00:00,surveillance_intimidation,"Surveillance, threats & intimidation",Segob estará en Morelos para atender homicidio de estudiantes : Sheinbaum,https://www.globalmedia.mx/articles/segob_estara_en_morelos_para_atender_homicidio_de_estudiantes_sheinbaum,20260928T164500Z,globalmedia.mx,Spanish,Mexico,,,,,surveillance,no
2026-09-29T06:37:39.067162+00:00,surveillance_intimidation,"Surveillance, threats & intimidation",Latest Articles,https://freerepublic.com/tag/*/index?more=4397141,20260928T164500Z,freerepublic.com,English,United States,,,,,surveillance,no
2026-09-29T06:37:39.067162+00:00,surveillance_intimidation,"Surveillance, threats & intimidation",The Source |AOC Call to Abolish ICE At Students Vs . Billionaires Ithaca Town Hall,https://thesource.com/2026/09/28/aocs-call-to-abolish-ice-at-students-vs-billionaires-ithaca-town-hall/,20260928T164500Z,thesource.com,English,United States,,,,,surveillance,no
2026-09-29T06:37:39.067162+00:00,surveillance_intimidation,"Surveillance, threats & intimidation",Aristegui en Vivo : Asesinato de dos estudiantes sacude nuevamente Morelos ;  Polo  deja víctimas en Jalisco ; Sheinbaum cierra informes en Zócalo ( 28 / 09 / 2026 ) ,https://aristeguinoticias.com/2809/mexico/aristegui-en-vivo-asesinato-de-dos-estudiantes-sacude-nuevamente-morelos-polo-deja-victimas-en-jalisco-sheinbaum-cierra-informes-en-zocalo-28-09-2026/,20260928T163000Z,aristeguinoticias.com,Spanish,Mexico,,,,,surveillance,no
2026-09-29T06:37:39.067162+00:00,surveillance_intimidation,"Surveillance, threats & intimidation",Mantienen paro alumnos del Tecnológico de Chalco por inseguridad,https://edomex.quadratin.com.mx/mantienen-paro-alumnos-del-tecnologico-de-chalco-por-inseguridad/,20260928T161500Z,edomex.quadratin.com.mx,Spanish,Mexico,,,,,surveillance,no
2026-09-29T06:37:39.067162+00:00,surveillance_intimidation,"Surveillance, threats & intimidation",  It music you feel on your skin : Author Hernan Diaz on the post - punk scene and future science in his new book Ply,https://www.shortlist.com/books/its-music-you-feel-on-your-skin-author-hernan-diaz-on-the-post-punk-scene-and-future-science-in-his-new-book-ply,20260928T154500Z,shortlist.com,English,United Kingdom,,,,,surveillance,no
2026-09-29T06:37:39.067162+00:00,surveillance_intimidation,"Surveillance, threats & intimidation",JD Wetherspoon to open 6 new pubs soon - See full list,https://www.southwalesargus.co.uk/news/26587081.jd-wetherspoon-open-6-new-pubs-soon---see-full-list/,20260928T154500Z,southwalesargus.co.uk,English,United Kingdom,,,,,surveillance,no
2026-09-29T06:37:39.067162+00:00,surveillance_intimidation,"Surveillance, threats & intimidation",Hoy Tamaulipas - Tamaulipas Falla electrica deja sin clases a primaria Leona Vicario en Victoria,https://hoytamaulipas.net/notas/628303/Tamaulipas-Falla-electrica-deja-sin-clases-a-primaria-Leona-Vicario-en-Victoria.html,20260928T153000Z,hoytamaulipas.net,Spanish,Mexico,,,,,surveillance,no
2026-09-29T06:37:39.067162+00:00,surveillance_intimidation,"Surveillance, threats & intimidation",JD Wetherspoon to open 6 new pubs soon - See full list,https://www.bicesteradvertiser.net/news/26586487.jd-wetherspoon-open-6-new-pubs-soon---see-full-list/,20260928T150000Z,bicesteradvertiser.net,English,United Kingdom,,,,,surveillance,no
2026-09-29T06:37:39.067162+00:00,surveillance_intimidation,"Surveillance, threats & intimidation",وزارة التربية الوطنية تدعو إلى إنجاز روائز القدرات البدنية للتلاميذ وتسجيل نتائجها عبر « مسار » – أحداث . أنفو,https://www.ahdath.info/%D9%88%D8%B2%D8%A7%D8%B1%D8%A9-%D8%A7%D9%84%D8%AA%D8%B1%D8%A8%D9%8A%D8%A9-%D8%A7%D9%84%D9%88%D8%B7%D9%86%D9%8A%D8%A9-%D8%AA%D8%AF%D8%B9%D9%88-%D8%A5%D9%84%D9%89-%D8%A5%D9%86%D8%AC%D8%A7%D8%B2-%D8%B1/,20260928T131500Z,ahdath.info,Arabic,Morocco,,,,,surveillance,no
2026-09-29T06:37:39.067162+00:00,surveillance_intimidation,"Surveillance, threats & intimidation",El Callao - El Imparcial de Oaxaca,https://imparcialoaxaca.mx/opinion/el-callao-120/,20260928T131500Z,imparcialoaxaca.mx,Spanish,Mexico,,,,,surveillance,no
2026-09-29T06:37:39.067162+00:00,surveillance_intimidation,"Surveillance, threats & intimidation",Blocus : six avocats saisissent lIGPN et dénoncent des  violences policières dune particulière gravité  à l  égard de plusieurs lycéens,https://www.bfmtv.com/societe/education/blocus-six-avocats-saisissent-l-igpn-et-denoncent-des-violences-policieres-d-une-particuliere-gravite-a-l-egard-de-plusieurs-lyceens_AN-202609280344.html,20260928T131500Z,bfmtv.com,French,France,,,,,surveillance,no
2026-09-29T06:37:39.067162+00:00,surveillance_intimidation,"Surveillance, threats & intimidation",Louga : un élève de 11 ans mortellement poignardé lors dune altercation entre mineurs,https://www.senenews.com/actualites/louga-un-eleve-de-11-ans-mortellement-poignarde-lors-dune-altercation-entre-mineurs_601024.html,20260928T131500Z,senenews.com,French,Senegal,,,,,surveillance,no
2026-09-29T06:37:39.067162+00:00,surveillance_intimidation,"Surveillance, threats & intimidation","Nuevas ayudas Valencia | Una ayuda de 300 euros para el carné de conducir y un bono hostelería para bares afectados por la dana , entre las 55 medidas estrella del Consell",https://www.lasprovincias.es/politica/ayuda-300-euros-carne-conducir-bono-hosteleria-20260928135549-nt.html,20260928T131500Z,lasprovincias.es,Spanish,Spain,,,,,surveillance,no
2026-09-29T06:37:39.067162+00:00,surveillance_intimidation,"Surveillance, threats & intimidation","Az oroszországi kivonulást mérlegeli az OTP , év végéig dönthet a bank",https://www.portfolio.hu/befektetes/20260928/az-oroszorszagi-kivonulast-merlegeli-az-otp-ev-vegeig-donthet-a-bank-865682,20260928T121500Z,portfolio.hu,Hungarian,Hungary,,,,,surveillance,no
2026-09-29T06:37:39.067162+00:00,surveillance_intimidation,"Surveillance, threats & intimidation","Παπανδρέου : Η ΝΔ κάνει το Σύνταγμα άλλοθι – Έξι τομές για την επόμενη Βουλή , τα θεμελιώδη ερωτήματα της αναθεώρησης",https://www.topontiki.gr/2026/09/28/papandreou-i-nd-kani-to-sintagma-allothi-exi-tomes-gia-tin-epomeni-vouli-ta-themeliodi-erotimata-tis-anatheorisis/,20260928T113000Z,topontiki.gr,Greek,Greece,,,,,surveillance,no
2026-09-29T06:37:39.067162+00:00,surveillance_intimidation,"Surveillance, threats & intimidation","Caso Regeni , dalla scomparsa alla sentenza : tutti i fatti",https://www.affaritaliani.it/cronache/caso-regeni-dalla-scomparsa-alla-sentenza-tutti-i-fatti-in-dieci-anni-di-indagini.html,20260928T113000Z,affaritaliani.it,Italian,Italy,,,,,surveillance,no
2026-09-29T06:37:39.067162+00:00,surveillance_intimidation,"Surveillance, threats & intimidation",Ultimele pregătiri la noul bazin didatic din Gherla,https://ziarulfaclia.ro/ultimele-pregatiri-la-noul-bazin-didatic-din-gherla/,20260928T111500Z,ziarulfaclia.ro,Romanian,Romania,,,,,surveillance,no
2026-09-29T06:37:39.067162+00:00,surveillance_intimidation,"Surveillance, threats & intimidation",  Samizdat Sunday at Wende Museum is political resistance through art,https://www.latimes.com/entertainment-arts/story/2026-09-28/samizdat-sundays-at-wende-museum-is-political-resistance-through-art,20260928T111500Z,latimes.com,English,United States,,,,,surveillance,no
2026-09-29T06:37:39.067162+00:00,surveillance_intimidation,"Surveillance, threats & intimidation",Ινδία : Παρέμβαση Ανώτατου Δικαστηρίου για το κύμα βιασμών στη χώρα,https://www.skai.gr/news/world/india-paremvasi-anotatou-dikastiriou-gia-to-kyma-viasmon-sti-xora,20260928T110000Z,skai.gr,Greek,Greece,,,,,surveillance,no
2026-09-29T06:37:39.067162+00:00,surveillance_intimidation,"Surveillance, threats & intimidation",JD Wetherspoon to open 6 new pubs soon - See full list,https://www.heraldseries.co.uk/news/26586487.jd-wetherspoon-open-6-new-pubs-soon---see-full-list/,20260928T101500Z,heraldseries.co.uk,English,United Kingdom,,,,,surveillance,no
2026-09-29T06:37:39.067162+00:00,surveillance_intimidation,"Surveillance, threats & intimidation","Ομαδικοί βιασμοί σε πάρκα και λεωφορεία προκαλούν οργή στην Ινδία , το Ανώτατο Δικαστήριο ζητά λογοδοσία",https://www.protothema.gr/world/article/1885867/omadikoi-viasmoi-se-parka-kai-leoforeia-prokaloun-orgi-stin-india-to-anotato-dikastirio-zita-logodosia/,20260928T101500Z,protothema.gr,Greek,Greece,,,,,surveillance,no
2026-09-29T06:37:39.067162+00:00,surveillance_intimidation,"Surveillance, threats & intimidation",Έφηβες έπεσαν θύματα ομαδικού βιασμού σε πάρκα και λεωφορεία – Οργή στην Ινδία,https://www.tothemaonline.com/Article/474225/efhbes-epesan-thymata-omadikoy-biasmoy-se-parka-kai-lewforeia-%E2%80%93-orgh-sthn-india-,20260928T094500Z,tothemaonline.com,Greek,Cyprus,,,,,surveillance,no
2026-09-29T06:37:39.067162+00:00,surveillance_intimidation,"Surveillance, threats & intimidation",دخلا حمام الفتيات بالخطأ .. سقوط مروع لشقيقين من نافذة المدرسة بالفيوم,https://www.okaz.com.sa/variety/na/2268234,20260928T094500Z,okaz.com.sa,Arabic,Saudi Arabia,,,,,surveillance,no
2026-09-29T06:37:39.067162+00:00,surveillance_intimidation,"Surveillance, threats & intimidation",Ruginienė apie Sinkevičiaus startą : ne veltui duodamas šimto dienų ramybės periodas,https://kauno.diena.lt/naujienos/lietuva/politika/ruginiene-apie-sinkeviciaus-starta-ne-veltui-duodamas-simto-dienu-ramybes-periodas-1776611,20260928T094500Z,kauno.diena.lt,Lithuanian,Lithuania,,,,,surveillance,no
2026-09-29T06:37:39.067162+00:00,surveillance_intimidation,"Surveillance, threats & intimidation",  Painful parallels with 2012 Nirbhaya case : SC takes suo motu cognisance of rising rape cases in Delhi - NCR,https://www.newindianexpress.com/india/2026/Sep/28/painful-parallels-with-2012-nirbhaya-case-sc-takes-suo-motu-cognisance-of-rising-rape-cases-in-delhi-ncr,20260928T074500Z,newindianexpress.com,English,India,,,,,surveillance,no
2026-09-29T06:37:39.067162+00:00,surveillance_intimidation,"Surveillance, threats & intimidation","El autor que explica por qué vivimos en una era  hiperpolítica :  La ventaja de la derecha es estructural , no accidental  ",https://www.eldiario.es/internacional/autor-explica-vivimos-hiperpolitica-ventaja-derecha-estructural-no-accidental_128_13518499.html,20260928T074500Z,eldiario.es,Spanish,Spain,,,,,surveillance,no
2026-09-29T06:37:39.067162+00:00,surveillance_intimidation,"Surveillance, threats & intimidation",Papa León XIV se compromete con víctimas de abusos sexuales en la Iglesia a evitar nuevos casos,https://www.laestrella.com.pa/mundo/papa-leon-xiv-se-compromete-con-victimas-de-abusos-sexuales-en-la-iglesia-a-evitar-nuevos-casos-PH26034821,20260928T073000Z,laestrella.com.pa,Spanish,Panama,,,,,surveillance,no
2026-09-29T06:37:39.067162+00:00,surveillance_intimidation,"Surveillance, threats & intimidation",الوزارة تقيس القدرات البدنية للتلاميذ,https://www.hespress.com/%D8%A7%D9%84%D9%88%D8%B2%D8%A7%D8%B1%D8%A9-%D8%AA%D9%82%D9%8A%D8%B3-%D8%A7%D9%84%D9%82%D8%AF%D8%B1%D8%A7%D8%AA-%D8%A7%D9%84%D8%A8%D8%AF%D9%86%D9%8A%D8%A9-%D9%84%D9%84%D8%AA%D9%84%D8%A7%D9%85%D9%8A-1814561.html,20260928T070000Z,hespress.com,Arabic,Morocco,,,,,surveillance,no
2026-09-29T06:37:39.067162+00:00,surveillance_intimidation,"Surveillance, threats & intimidation",  Starkly Underline A Systematic Failure : Supreme Court Takes Suo Motu Cognisance Of Delhi - NCR Sexual Assault Cases,https://www.freepressjournal.in/india/starkly-underline-a-systematic-failure-supreme-court-takes-suo-motu-cognisance-of-delhi-ncr-sexual-assault-cases,20260928T070000Z,freepressjournal.in,English,India,,,,,surveillance,no
2026-09-29T06:37:39.067162+00:00,surveillance_intimidation,"Surveillance, threats & intimidation",Punk in der DDR : Die 7 wichtigsten Bands und ihr Kampf gegen das System,https://www.mdr.de/kultur/musik/ddr-punk-wichtigste-bands-100.html,20260928T063000Z,mdr.de,German,Germany,,,,,surveillance,no
2026-09-29T06:37:39.067162+00:00,surveillance_intimidation,"Surveillance, threats & intimidation",Revista Alma Mater . Autor : Julio Antonio Mella . ,https://www.martinoticias.com/a/480805.html,20260928T063000Z,martinoticias.com,Spanish,Cuba,,,,,surveillance,no
2026-09-29T06:37:39.067162+00:00,surveillance_intimidation,"Surveillance, threats & intimidation",Supreme Court on recent Delhi rape cases involving minors :  Painful parallel to Nirbhaya case  ,https://www.hindustantimes.com/india-news/public-spaces-cant-be-zones-of-high-risk-supreme-court-takes-cognisance-of-kalkaji-other-recent-rape-cases-101790572200677.html,20260928T063000Z,hindustantimes.com,English,India,,,,,surveillance,no
2026-09-29T06:37:39.067162+00:00,surveillance_intimidation,"Surveillance, threats & intimidation",The Twilight of the Francis Fukuyama Era,https://foreignpolicy.com/2026/09/25/the-twilight-of-the-francis-fukuyama-era/?tpcc=recirc_trending062921,20260928T060000Z,foreignpolicy.com,English,United States,,,,,surveillance,no
2026-09-29T06:37:39.067162+00:00,surveillance_intimidation,"Surveillance, threats & intimidation",Enugu Air : Mbah Dream Makes Douala Closer – THISDAYLIVE,https://www.thisdaylive.com/2026/09/28/enugu-air-mbahs-dream-makes-douala-closer/,20260928T053000Z,thisdaylive.com,English,Nigeria,,,,,surveillance,no
2026-09-29T06:37:39.067162+00:00,surveillance_intimidation,"Surveillance, threats & intimidation",León XIV se compromete con víctimas de abusos sexuales en la Iglesia,https://crhoy.com:443/mundo/leon-xiv-se-compromete-con-victimas-de-abusos-sexuales-en-la-iglesia/,20260928T050000Z,crhoy.com,Spanish,United States,,,,,surveillance,no
2026-09-29T06:37:39.067162+00:00,surveillance_intimidation,"Surveillance, threats & intimidation","Suma Baja California Sur suspensiones por  Polo ; despliegan elementos – Periódico Zócalo | Noticias de Saltillo , Torreón , Piedras Negras , Monclova , Acuña",https://www.zocalo.com.mx/suma-baja-california-sur-suspensiones-por-polo-despliegan-elementos/,20260928T043000Z,zocalo.com.mx,Spanish,Mexico,,,,,surveillance,no
2026-09-29T06:37:39.067162+00:00,surveillance_intimidation,"Surveillance, threats & intimidation","León XIV se reunió con siete víctimas de abuso sexual de curas , ¿ qué dijo después del encuentro ? ",https://www.elcolombiano.com/inicio/leon-xiv-acoso-sexual-victimas-EI41589926,20260928T043000Z,elcolombiano.com,Spanish,Colombia,,,,,surveillance,no
2026-09-29T06:37:39.067162+00:00,surveillance_intimidation,"Surveillance, threats & intimidation","León XIV se reunió con siete víctimas de abuso sexual de curas , ¿ qué dijo después del encuentro ? ",https://www.elcolombiano.com/internacional/leon-xiv-acoso-sexual-victimas-EI41589926,20260928T041500Z,elcolombiano.com,Spanish,Colombia,,,,,surveillance,no
2026-09-29T06:37:39.067162+00:00,surveillance_intimidation,"Surveillance, threats & intimidation",Albert Lea High School vandalism caused up to $25K in damage : police,https://www.fox9.com/news/albert-lea-high-school-vandalism-caused-up-25k-damage-police,20260928T033000Z,fox9.com,English,United States,,,,,surveillance,no
2026-09-29T06:37:39.067162+00:00,surveillance_intimidation,"Surveillance, threats & intimidation",Stanislav Korityák : Nevychovaní studenti ponechaní ve Francii ; jak to bylo doopravdy,https://www.krajskelisty.cz/stredocesky-kraj/35748-stanislav-korityak-nevychovani-studenti-ponechani-ve-francii-jak-to-bylo-doopravdy.htm,20260928T033000Z,krajskelisty.cz,Czech,Czech Republic,,,,,surveillance,no
2026-09-29T06:37:39.067162+00:00,surveillance_intimidation,"Surveillance, threats & intimidation","Affaire Paturot : du projet de cambriolage au meurtre , ce que linstruction a établi",https://la1ere.franceinfo.fr/guadeloupe/affaire-paturot-du-projet-de-cambriolage-au-meurtre-ce-que-l-instruction-a-etabli-1742531.html,20260927T214500Z,la1ere.franceinfo.fr,French,,,,,,surveillance,no
2026-09-29T06:37:39.067162+00:00,surveillance_intimidation,"Surveillance, threats & intimidation","Delitos de odio en Ecuador : solo el 0 , 12 % de las denuncias llega a un dictamen acusatorio",https://www.extra.ec/noticia/justicia/delitos-odio-ecuador-0-12-denuncias-llega-dictamen-acusatorio-163520.html,20260927T214500Z,extra.ec,Spanish,Ecuador,,,,,surveillance,no
2026-09-29T06:37:39.067162+00:00,surveillance_intimidation,"Surveillance, threats & intimidation",El Instituto Duartiano denuncia que la matrícula haitiana alcanza hasta un 70 % en las escuelas,https://listindiario.com/la-republica/20260927/instituto-duartiano-denuncia-matricula-haitiana-alcanza-70-escuelas_923877.html,20260927T200000Z,listindiario.com,Spanish,United States,,,,,surveillance,no
2026-09-29T06:37:39.067162+00:00,surveillance_intimidation,"Surveillance, threats & intimidation",Estudantes da Índia encontraram sua voz neste verão enquanto jornalistas perdem a própria,https://correio.rac.com.br/mundo/estudantes-da-india-encontraram-sua-voz-neste-ver-o-enquanto-jornalistas-perdem-a-propria-1.1859548,20260927T200000Z,correio.rac.com.br,Portuguese,Brazil,,,,,surveillance,no
2026-09-29T06:37:39.067162+00:00,surveillance_intimidation,"Surveillance, threats & intimidation",Robotai ir dronai keičia statybų sektorių Lietuvoje,https://www.delfi.lt/projektai/pulsas/es-pletra/fantastiniai-filmai-europoje-virto-realybe-120309028,20260927T200000Z,delfi.lt,Lithuanian,Lithuania,,,,,surveillance,no
2026-09-29T06:37:39.067162+00:00,surveillance_intimidation,"Surveillance, threats & intimidation",Localizan sana y salva a estudiante del Cbtis 114 reportada como desaparecida,https://nortedigital.mx/localizan-sana-y-salva-a-estudiante-del-cbtis-114-reportada-como-desaparecida/,20260927T194500Z,nortedigital.mx,Spanish,Mexico,,,,,surveillance,no
2026-09-29T06:37:39.067162+00:00,surveillance_intimidation,"Surveillance, threats & intimidation",Union says Zachary school bus drivers face pay loss over broken AC units,https://www.wafb.com/2026/09/29/union-says-zachary-school-bus-drivers-face-pay-loss-over-broken-ac-units/,20260929T054500Z,wafb.com,English,United States,,,,,intimidated,yes
2026-09-29T06:37:39.067162+00:00,surveillance_intimidation,"Surveillance, threats & intimidation",Who we become when we talk to machines,https://news.mit.edu/2026/when-we-talk-to-machines-sherry-turkle-book-0929,20260929T050000Z,news.mit.edu,English,United States,,,,,intimidated,no
2026-09-29T06:37:39.067162+00:00,surveillance_intimidation,"Surveillance, threats & intimidation",The Fret Benders unite top Australian guitarists in Springwood | Blue Mountains Gazette,https://www.bluemountainsgazette.com.au/story/9358846/the-fret-benders-unite-top-australian-guitarists-in-springwood/,20260929T033000Z,bluemountainsgazette.com.au,English,Australia,,,,,intimidated,no
2026-09-29T06:37:39.067162+00:00,surveillance_intimidation,"Surveillance, threats & intimidation",Seton Hall alumna to appear on new season of CB  The Amazing Race  ,https://www.thesetonian.com/article/2026/09/seton-hall-alumna-to-appear-on-new-season-of-cbs-the-amazing-race,20260928T234500Z,thesetonian.com,English,United States,,,,,intimidated,no
2026-09-29T06:37:39.067162+00:00,surveillance_intimidation,"Surveillance, threats & intimidation",Creche no Recife é investigada por banheiro compartilhado com adultos e problemas de higiene,https://www.diariodepernambuco.com.br/vida-urbana/2026/09/11725146-creche-no-recife-e-investigada-por-banheiro-compartilhado-com-adultos-e-problemas-de-higiene.html,20260928T210000Z,diariodepernambuco.com.br,Portuguese,Brazil,,,,,intimidated,no
2026-09-29T06:37:39.067162+00:00,surveillance_intimidation,"Surveillance, threats & intimidation",Jesse Eisenberg Visits NC State,https://technicianonline.com/163448/news/jesse-eisenberg-visits-nc-state/,20260928T164500Z,technicianonline.com,English,United States,,,,,intimidated,no
2026-09-29T06:37:39.067162+00:00,surveillance_intimidation,"Surveillance, threats & intimidation",Presupuesto 2027 : la justicia territorial no se recorta | Opinión,https://www.biobiochile.cl/noticias/opinion/columnas-bbcl/2026/09/28/presupuesto-2027-la-justicia-territorial-no-se-recorta.shtml,20260928T153000Z,biobiochile.cl,Spanish,Chile,,,,,intimidated,no
2026-09-29T06:37:39.067162+00:00,surveillance_intimidation,"Surveillance, threats & intimidation",Memories of Klaus Fraessdorf - HorsesDaily,https://horsesdaily.com/article/memories-of-klaus-fraessdorf/,20260928T101500Z,horsesdaily.com,English,United States,,,,,intimidated,no
2026-09-29T06:37:39.067162+00:00,surveillance_intimidation,"Surveillance, threats & intimidation",VoteSC suggests early voting as California adopts new election laws,https://dailytrojan.com/2026/09/28/votesc-suggests-early-voting-as-california-adopts-new-election-laws/,20260928T073000Z,dailytrojan.com,English,United States,,,,,intimidated,no
2026-09-29T06:37:39.067162+00:00,surveillance_intimidation,"Surveillance, threats & intimidation"," ¿ Dónde están ?, 12 años sin respuesta : padres de los 43 normalistas de Ayotzinapa",https://www.lajornadadeoriente.com.mx/puebla/donde-estan-12-anos-sin-respuesta-padres-de-los-43-normalistas-de-ayotzinapa/,20260927T200000Z,lajornadadeoriente.com.mx,Spanish,Mexico,,,,,intimidated,no
2026-09-29T06:37:39.067162+00:00,surveillance_intimidation,"Surveillance, threats & intimidation","  A 12 años no tenemos respuesta , denuncian padres de los 43 normalistas de Ayotzinapa tras marcha en CDMX",https://www.lajornadadeoriente.com.mx/puebla/ayotzinapa-12-anos-familias-exigen-respuestas-y-regreso-del-giei/,20260927T104500Z,lajornadadeoriente.com.mx,Spanish,Mexico,,,,,intimidated,no
2026-09-29T06:37:39.067162+00:00,surveillance_intimidation,"Surveillance, threats & intimidation",UW stabbing suspect to take more competency evals,https://www.fox13seattle.com/news/uw-stabbing-suspect-mental-health-evaluations,20260929T061500Z,fox13seattle.com,English,,,,,,stalked,no
2026-09-29T06:37:39.067162+00:00,surveillance_intimidation,"Surveillance, threats & intimidation","Morte di Regeni al Cairo , dieci anni per sequestro a tre 007 egiziani",https://www.lastampa.it/cronaca/2026/09/29/news/morte_di_regeni_al_cairo_dieci_anni_per_sequestro_a_tre_007_egiziani-15751807/,20260929T000000Z,lastampa.it,Italian,Italy,,,,,stalked,no
2026-09-29T06:37:39.067162+00:00,delegitimization,Delegitimization & smear campaigns,Trump asks Supreme Court to allow restrictions on gender - affirming care in prisons,https://www.washingtonblade.com/2026/09/28/trump-asks-supreme-court-to-allow-restrictions-on-gender-affirming-care-in-prisons/,20260928T233000Z,washingtonblade.com,English,United States,,,,,discredited,no
2026-09-29T06:37:39.067162+00:00,delegitimization,Delegitimization & smear campaigns,Richard III at Bosworth | Military History Matters,https://www.military-history.org/feature/richard-iii-at-bosworth.htm,20260928T184500Z,military-history.org,English,United Kingdom,,,,,discredited,no
2026-09-29T06:37:39.067162+00:00,delegitimization,Delegitimization & smear campaigns,Le Piéton de Paris marche encore … ,https://www.causeur.fr/leon-paul-fargue-le-pieton-de-paris-marche-encore-334215,20260927T140000Z,causeur.fr,French,France,,,,,discredited,no
2026-09-29T06:37:39.067162+00:00,delegitimization,Delegitimization & smear campaigns,"Demain nous appartient : le choix choc de Marianne , Aaron démasqué … les résumés en avance du 28 septembre au 2 octobre 2026",https://toutelatele.ouest-france.fr/demain-nous-appartient-le-choix-choc-de-marianne-aaron-demasque-les-resumes-en-avance-du-28-septembre-au-2-octobre-2026-190123,20260927T123000Z,toutelatele.ouest-france.fr,French,,,,,,discredited,no
2026-09-29T07:03:23.511098+00:00,physical_violence,Physical violence & killings,beaten,"एलपीयू मामले पर सियासत तेज , कांग्रेस सांसद चन्नी और रंधावा ने  आप  सरकार पर साधा निशाना",https://www.punjabkesari.com/india-news/lpu-mamle-par-siyasat-tez-congress-sansad-channi-aur-randhawa-ne-aap-sarkar-par-sadha-nishana/,20260929T063000Z,punjabkesari.com,Hindi,India,,,no,,
2026-09-29T07:03:23.511098+00:00,physical_violence,Physical violence & killings,beaten,Ανω Λιόσια : Διευθύντρια νηπιαγωγείου φώναζε  θα σας φάω τα χέρια  στα ... ,https://www.thetoc.gr/koinwnia/article/ano-liosia-dieuthuntria-nipiagogeiou-fonaze-tha-sas-fao-ta-xeria-sta-paidia---mpikan-sto-grafeio-tis-kai-tin-xulokopisan/,20260929T061500Z,thetoc.gr,Greek,Greece,,,no,,
2026-09-29T07:03:23.511098+00:00,physical_violence,Physical violence & killings,beaten,死磕年轻人的酒店 ， 终于盯上3亿老人 - 钛媒体官方网站,https://www.tmtpost.com/8155095.html,20260929T060000Z,tmtpost.com,Chinese,China,,,no,,
2026-09-29T07:03:23.511098+00:00,physical_violence,Physical violence & killings,beaten,Separan a policías tras golpear a estudiantes en Guanajuato,https://www.eldiariodechihuahua.mx/nacional/2026/sep/28/separan-a-policias-tras-golpear-a-estudiantes-en-guanajuato-842113.html,20260929T053000Z,eldiariodechihuahua.mx,Spanish,Mexico,,,no,,
2026-09-29T07:03:23.511098+00:00,physical_violence,Physical violence & killings,beaten,"Murid Rampok Rumah Guru di Magelang , Pelaku Hantam Korban Pakai Linggis",https://www.merdeka.com/peristiwa/read/8301812/murid-rampok-rumah-guru-di-magelang-pelaku-hantam-korban-pakai-linggis,20260929T053000Z,merdeka.com,Indonesian,Indonesia,,,no,,
2026-09-29T07:03:23.511098+00:00,physical_violence,Physical violence & killings,beaten,Jackie Chan debunks 1954 - 2026 death hoax with public appearance Did Jackie Chan Die,https://www.el-balad.com/17054240,20260929T050000Z,el-balad.com,English,Egypt,,,no,,
2026-09-29T07:03:23.511098+00:00,physical_violence,Physical violence & killings,beaten,被抓一月余 ， 信徒仍未散 ： 起底赖泽平的传销旧业与  国学  新装 新京报,https://www.bjnews.com.cn/detail/1790645550168668.html,20260929T043000Z,bjnews.com.cn,Chinese,China,,,no,,
2026-09-29T07:03:23.511098+00:00,physical_violence,Physical violence & killings,beaten,"Diduga Aniaya Siswa , Oknum Guru SMAN 2 Binjai Dilaporkan ke Polisi",https://sumutpos.co/daerah/29/09/2026/diduga-aniaya-siswa-oknum-guru-sman-2-binjai-dilaporkan-ke-polisi/,20260929T043000Z,sumutpos.co,Indonesian,Indonesia,,,no,,
2026-09-29T07:03:23.511098+00:00,physical_violence,Physical violence & killings,beaten,Tech giants swarm Gold Coast for mega drone expo,https://www.cairnspost.com.au/partner-content/cbus-super-stadium-transformed-into-hitech-arena-for-inaugural-gold-coast-drone-show/news-story/3953a31e645f46b5d0a811ac20e6f881?nk=3e57c611d112a3dc90f6ef256703f0d8-1790646401,20260929T020000Z,cairnspost.com.au,English,Australia,,,no,,
2026-09-29T07:03:23.511098+00:00,physical_violence,Physical violence & killings,beaten,Investigao de estupro coletivo em prestigiada universidade dos EUA é reaberta - 28 / 09 / 2026,https://www.dgabc.com.br/Noticia/4349627/investigacao-de-estupro-coletivo-em-prestigiada-universidade-dos-eua-e-reaberta,20260929T020000Z,dgabc.com.br,Portuguese,Brazil,,,no,,
2026-09-29T07:03:23.511098+00:00,physical_violence,Physical violence & killings,beaten,Polícia Federal prende candidato de extrema direita por depredar patrimônio da UnB,https://tribunahoje.com/noticias/politica/2026/09/28/194862-policia-federal-prende-candidato-de-extrema-direita-por-depredar-patrimonio-da-unb,20260929T010000Z,tribunahoje.com,Portuguese,Brazil,,,no,,
2026-09-29T07:03:23.511098+00:00,physical_violence,Physical violence & killings,beaten,UG atiende a estudiantes atacados por policías en Guanajuato ; FGE investiga agresión,https://periodicocorreo.com.mx/vida-publica/2026/sep/28/ug-atiende-a-estudiantes-atacados-por-policias-en-guanajuato-fge-investiga-agresion-167751.html,20260929T010000Z,periodicocorreo.com.mx,Spanish,Mexico,,,no,,
2026-09-29T07:03:23.511098+00:00,physical_violence,Physical violence & killings,beaten,Tech giants swarm Gold Coast for mega drone expo,https://www.townsvillebulletin.com.au/partner-content/cbus-super-stadium-transformed-into-hitech-arena-for-inaugural-gold-coast-drone-show/news-story/3953a31e645f46b5d0a811ac20e6f881?nk=5a5e4ca4f08a6d3441b7340addea9d79-1790641915,20260929T004500Z,townsvillebulletin.com.au,English,Australia,,,no,,
2026-09-29T07:03:23.511098+00:00,physical_violence,Physical violence & killings,beaten,"  Ele teve dificuldade de tirar a aliança e o cara atirou , diz amigo de barbeiro morto no Brooklin",https://www.estadao.com.br/sao-paulo/ele-teve-dificuldade-de-tirar-a-alianca-e-o-cara-atirou-diz-amigo-de-barbeiro-morto-no-brooklin-npr/,20260929T004500Z,estadao.com.br,Portuguese,Brazil,,,no,,
2026-09-29T07:03:23.511098+00:00,physical_violence,Physical violence & killings,beaten,Un Aldosivi en alza quiere dar pelea por la permanencia,https://www.lacapitalmdp.com/un-aldosivi-en-alza-quiere-dar-pelea-por-la-permanencia/,20260929T004500Z,lacapitalmdp.com,Spanish,Argentina,,,no,,
2026-09-29T07:03:23.511098+00:00,physical_violence,Physical violence & killings,beaten,Cote dIvoire : Daloa - Des établissements scolaires fermés après le décès dun enseignant,https://fr.allafrica.com/stories/202609280669.html,20260929T001500Z,fr.allafrica.com,French,Nigeria,,,no,,
2026-09-29T07:03:23.511098+00:00,physical_violence,Physical violence & killings,beaten,Motorista é agredido por moradores após atropelar um homem em São Sebastião,https://www.correiobraziliense.com.br/cidades-df/2026/09/7510087-motorista-e-agredido-por-moradores-apos-atropelar-um-homem-em-sao-sebastiao.html,20260928T221500Z,correiobraziliense.com.br,Portuguese,Brazil,,,no,,
2026-09-29T07:03:23.511098+00:00,physical_violence,Physical violence & killings,beaten,PF prende candidato de extrema direita por dano à UnB,https://correiodobrasil.com.br/a/pf-prende-candidato-extrema-direita-dano-unb,20260928T220000Z,correiodobrasil.com.br,Portuguese,Brazil,,,no,,
2026-09-29T07:03:23.511098+00:00,physical_violence,Physical violence & killings,beaten,Wilker Leão : Justiça manda soltar candidato preso por pintar UnB,https://g1.globo.com/df/distrito-federal/noticia/2026/09/28/juiz-manda-soltar-candidato-a-deputado-federal-preso-no-df-por-pintar-muro-da-unb-sem-aval.ghtml,20260928T220000Z,g1.globo.com,Portuguese,Brazil,,,no,,
2026-09-29T07:03:23.511098+00:00,physical_violence,Physical violence & killings,beaten,"कोलकाता के एसआरएफटीआई में छात्रों के दो गुटों में झड़प , अधीर रंजन बोले -  बहुत गलत है  ",https://www.punjabkesari.com/india-news/kolkata-ke-srfti-me-chhatro-ke-do-guto-me-jhadap-vivad-badha-adhir-ranjan-bole-bahut-galat-hai/,20260928T211500Z,punjabkesari.com,Hindi,India,,,no,,
2026-09-29T07:03:23.511098+00:00,physical_violence,Physical violence & killings,beaten,Jovem é agredida com garrafa dentro de trem do Metrô - DF,https://jornaldebrasilia.com.br/brasilia/jovem-e-agredida-com-garrafa-dentro-de-trem-do-metro-df/,20260928T211500Z,jornaldebrasilia.com.br,Portuguese,Brazil,,,no,,
2026-09-29T07:03:23.511098+00:00,physical_violence,Physical violence & killings,beaten,PF prende candidato de extrema direita por depredao na UnB,https://ultimosegundo.ig.com.br/2026-09-28/pf-prende-candidato-de-extrema-direita-por-depredacao-na-unb.html,20260928T200000Z,ultimosegundo.ig.com.br,Portuguese,Brazil,,,no,,
2026-09-29T07:03:23.511098+00:00,physical_violence,Physical violence & killings,beaten,Genova ragazzina di 14 anni picchiata davanti allingresso della scuola indagano i carabinieri per bullismo,https://www.zazoom.it/2026-09-28/genova-ragazzina-di-14-anni-picchiata-davanti-allingresso-della-scuola-indagano-i-carabinieri-per-bullismo/19734512/,20260928T200000Z,zazoom.it,Italian,Italy,,,no,,
2026-09-29T07:03:23.511098+00:00,physical_violence,Physical violence & killings,beaten,Non - cognizable report filed against Parvesh ; Delhi AAP MLA faces FIR,https://www.thehindu.com/news/cities/Delhi/non-cognizable-report-filed-against-parvesh-delhi-aap-mla-faces-fir/article71521411.ece,20260928T200000Z,thehindu.com,English,India,,,no,,
2026-09-29T07:03:23.511098+00:00,physical_violence,Physical violence & killings,beaten,Kejriwal silent on LPU case but here to support a accused : Verma | Delhi News,https://timesofindia.indiatimes.com/city/delhi/kejriwal-silent-on-lpu-case-but-here-to-support-a-accused-verma/articleshow/134548444.cms,20260928T181500Z,timesofindia.indiatimes.com,English,India,,,no,,
2026-09-29T07:03:23.511098+00:00,physical_violence,Physical violence & killings,beaten,PF prende candidato de extrema direita por depredar patrimônio da UnB | Brasil,https://odia.ig.com.br/brasil/2026/09/7306645-pf-prende-candidato-de-extrema-direita-por-depredar-patrimonio-da-unb.html,20260928T180000Z,odia.ig.com.br,Portuguese,Brazil,,,no,,
2026-09-29T07:03:23.511098+00:00,physical_violence,Physical violence & killings,beaten,Wilker Leão : youtuber de direita é preso em flagrante na UnB,http://www.em.com.br/politica/2026/09/7509871-wilker-leao-youtuber-de-direita-e-preso-em-flagrante-na-unb.html,20260928T180000Z,em.com.br,Portuguese,Brazil,,,no,,
2026-09-29T07:03:23.511098+00:00,physical_violence,Physical violence & killings,beaten,PF prende candidato de extrema direita por depredar patrimônio da UnB,https://www.acessa.com/noticias/2026/09/340960-pf-prende-candidato-de-extrema-direita-por-depredar-patrimonio-da-unb.html,20260928T180000Z,acessa.com,Portuguese,Brazil,,,no,,
2026-09-29T07:03:23.511098+00:00,physical_violence,Physical violence & killings,beaten,"  वो मार देगा तो मार देगा , तुम्हें क्या , बॉयफ्रेंड आसिफ के साथ घूमने गई निमिषा की मौत , आखिरी कॉल का खौफनाक सच",https://hindi.oneindia.com/news/india/nimisha-thakuriya-death-case-guwahati-boyfriend-ashiq-ali-old-chat-viral-homestay-case-1657481.html,20260928T180000Z,hindi.oneindia.com,Hindi,India,,,no,,
2026-09-29T07:03:23.511098+00:00,physical_violence,Physical violence & killings,beaten,Mercurio : La vida que se apaga en Eyiyoquibo,https://www.opinion.com.bo/pais/vida-que-apaga-eyiyoquibo/20260928120757996787.html,20260928T164500Z,opinion.com.bo,Spanish,Bolivia,,,no,,
2026-09-29T07:03:23.511098+00:00,physical_violence,Physical violence & killings,beaten,Criatividade e valorizao da agricultura familiar marcam etapa municipal de concurso de merendeiras,https://tribunahoje.com/noticias/cidades/2026/09/28/194818-criatividade-e-valorizacao-da-agricultura-familiar-marcam-etapa-municipal-de-concurso-de-merendeiras,20260928T164500Z,tribunahoje.com,Portuguese,Brazil,,,no,,
2026-09-29T07:03:23.511098+00:00,physical_violence,Physical violence & killings,beaten,Where to Buy Authentic Beistle Halloween Decorations,https://www.countryliving.com/home-design/decorating-ideas/a73763052/beistle-halloween-decorations-vintage/,20260928T163000Z,countryliving.com,English,United States,,,no,,
2026-09-29T07:03:23.511098+00:00,physical_violence,Physical violence & killings,beaten,Enseñanza de inglés pierde terreno en escuelas de México,https://www.elsiglodetorreon.com.mx/noticia/2026/ensenanza-de-ingles-pierde-terreno-en-escuelas-de-mexico.html,20260928T161500Z,elsiglodetorreon.com.mx,Spanish,Mexico,,,no,,
2026-09-29T07:03:23.511098+00:00,physical_violence,Physical violence & killings,beaten,"Girl , 17 , in hospital after  beating by mom  | News Extra",https://trinidadexpress.com/newsextra/girl-17-in-hospital-after-beating-by-mom/article_2e4f7a82-ae87-4d5f-8f65-b83794e8b03b.html,20260928T153000Z,trinidadexpress.com,English,Trinidad and Tobago,,,no,,
2026-09-29T07:03:23.511098+00:00,physical_violence,Physical violence & killings,beaten,"CALCIO A 7 : AS PREMANA CAMPIONE PROVINCIALE CSI NELLA CATEGORIA ALLIEVI – Valsassinanews – Il primo quotidiano on line della Valsassina , Valvarrone e dintorni",https://www.valsassinanews.com/2018/05/06/calcio-a-sette-as-premana-campione-provinciale-nella-categoria-allievi/,20260928T151500Z,valsassinanews.com,Italian,Italy,,,no,,
2026-09-29T07:03:23.511098+00:00,physical_violence,Physical violence & killings,beaten,  La metropolitana non  mangerà  il bosco : quanto spazio verrà davvero occupato dal capolinea,https://www.monzatoday.it/attualita/quanto-spazio-occupa-capolinea-m5-bosco.html,20260928T130000Z,monzatoday.it,Italian,Italy,,,no,,
2026-09-29T07:03:23.511098+00:00,physical_violence,Physical violence & killings,beaten,Murder trial set to begin in 2012 killing of UNC student Faith Hedgepeth,https://www.wral.com/news/local/faith-hedgepeth-unc-student-murder-trial-day-1-september-2026/,20260928T113000Z,wral.com,English,United States,,,no,,
2026-09-29T07:03:23.511098+00:00,physical_violence,Physical violence & killings,beaten,"Narni . Pillole . Il bancomat non si vede , il pranzo di san Francesco , le luci alle Gole . Quindi oggi … ",https://terninrete.it/notizie-di-terni-narni-pillole-il-bancomat-non-si-vede-il-pranzo-di-san-francesco-le-luci-alle-gole-quindi-oggi/,20260928T113000Z,terninrete.it,Italian,Italy,,,no,,
2026-09-29T07:03:23.511098+00:00,physical_violence,Physical violence & killings,beaten,Flere danske skoleelever oplever at blive mobbet,https://jyllands-posten.dk/indland/ECE19682437/flere-danske-skoleelever-oplever-at-blive-mobbet/?fp-exp=60320002&fp-alg=603200020,20260928T113000Z,jyllands-posten.dk,Danish,Denmark,,,no,,
2026-09-29T07:03:23.511098+00:00,physical_violence,Physical violence & killings,beaten,"  अगर वो दोषी है तो सजा दो , गुवाहाटी के होमस्टे में छात्रा की मौत के बाद बोली आरोपी की मां - mother of guwahati mystery death case accused says if he is guilty punish him",https://www.jagran.com/news/national-mother-of-guwahati-mystery-death-case-accused-says-if-he-is-guilty-punish-him-40387803.html,20260928T111500Z,jagran.com,Hindi,India,,,no,,
2026-09-29T07:03:23.511098+00:00,physical_violence,Physical violence & killings,beaten,  बेटा दोषी है तो सजा दो ... गुवाहाटी के होमस्टे में छात्रा की मौत पर आरोपी आसिफ अली की मां,https://www.livehindustan.com/national/guwahati-homestay-girl-student-case-asif-ali-mother-said-if-my-son-is-guilty-punish-him-201790590293014.html,20260928T110000Z,livehindustan.com,Hindi,India,,,no,,
2026-09-29T07:03:23.511098+00:00,physical_violence,Physical violence & killings,beaten,"Akhil Bharatiya Grahak Panchayat alleges disruption , vandalism , assault at SRFTI event in Kolkata ; seeks FIR",https://news.webindia123.com/news/Articles/India/20260928/4504342.html,20260928T101500Z,news.webindia123.com,English,India,,,no,,
2026-09-29T07:03:23.511098+00:00,physical_violence,Physical violence & killings,beaten,"DIAPORAMA . Revivez en images la nouvelle version du Marathon de Tours , lHarmonie mutuelle marathon 10",https://www.lanouvellerepublique.fr/indre-et-loire/commune/rochecorbon/diaporama-revivez-en-images-la-nouvelle-version-du-marathon-de-tours-l-harmonie-mutuelle-marathon-10-20k-1790551115,20260928T074500Z,lanouvellerepublique.fr,French,France,,,no,,
2026-09-29T07:03:23.511098+00:00,physical_violence,Physical violence & killings,beaten,"Elevă de 14 ani , bătută de alte adolescente în sectorul Ciocana : Agresiunea a fost filmată , iar poliția a inițiat un dosar penal",https://news.yam.md/ro/story/68249545,20260928T074500Z,news.yam.md,Romanian,,,,no,,
2026-09-29T07:03:23.511098+00:00,physical_violence,Physical violence & killings,beaten,"Akhil Bharatiya Grahak Panchayat alleges disruption , vandalism , assault at SRFTI event in Kolkata ; seeks FIR",http://www.calcuttanews.net/news/279336826/akhil-bharatiya-grahak-panchayat-alleges-disruption-vandalism-assault-at-srfti-event-in-kolkata-seeks-fir,20260928T070000Z,calcuttanews.net,English,India,,,no,,
2026-09-29T07:03:23.511098+00:00,physical_violence,Physical violence & killings,beaten,"Akhil Bharatiya Grahak Panchayat alleges disruption , vandalism , assault at SRFTI event in Kolkata ; seeks FIR",https://aninews.in/news/national/general-news/akhil-bharatiya-grahak-panchayat-alleges-disruption-vandalism-assault-at-srfti-event-in-kolkata-seeks-fir20260928114256/,20260928T070000Z,aninews.in,English,India,,,no,,
2026-09-29T07:03:23.511098+00:00,physical_violence,Physical violence & killings,beaten,Rosja szykuje się na wybory w Polsce .  Fałszywe konta kandydatów  ,https://www.newsweek.pl/polska/spoleczenstwo/rosja-szykuje-sie-na-wybory-w-polsce-falszywe-konta-kandydatow/93qh129,20260928T061500Z,newsweek.pl,Polish,Poland,,,no,,
2026-09-29T07:03:23.511098+00:00,physical_violence,Physical violence & killings,beaten,Maharashtra Weather Update : महाराष्ट्रात पावसाची चिंता कायम ; 265 तालुक्यांत दुष्काळाची नोंद ; या जिल्ह्यांना पावसाचा अलर्ट,https://www.prahaar.in/2026/09/28/concerns-over-rainfall-persist-in-maharashtra-drought-recorded-in-265-talukas/,20260928T053000Z,prahaar.in,Marathi,India,,,no,,
2026-09-29T07:03:23.511098+00:00,physical_violence,Physical violence & killings,beaten,"Домашні  форнетті  з листкового тіста : проста випічка з соковитою начинкою , яку легко приготує навіть школяр",https://gazeta.ua/articles/cookery/_domashni-fornetti-z-listkovogo-tista-prosta-vipichka-z-sokovitoyu-nachinkoyu-yaku-legko-prigotuye-navit-shkolyar/1259201,20260928T050000Z,gazeta.ua,Ukrainian,Ukraine,,,no,,
2026-09-29T07:03:23.511098+00:00,physical_violence,Physical violence & killings,beaten,"Who Is Divya Shinde Know All Controversies ; डॉक्टरवर हल्ला करणाऱ्या दिव्या शिंदेचे एकापेक्षा एक कारनामे , कधी सिंहगड कॉलेजात आंदोलन , कधी बिग बॉसमध्ये स्पर्धकांना धमकीची भाषा",https://maharashtratimes.com/entertainment/entertainment-news/bollywood-news/who-is-divya-shinde-framed-in-sinhagad-law-college-case-and-dr-assault-and-extortion-also-ex-bigg-boss-contestant/articleshow/134530595.cms,20260928T043000Z,maharashtratimes.com,Marathi,India,,,no,,
2026-09-29T07:03:23.511098+00:00,physical_violence,Physical violence & killings,beaten,Faith Hedgepeth : Jury selection to start in Miguel Salguero Olivares murder trial years after UNC student found dead in apartment,https://abc11.com/post/faith-hedgepeth-jury-selection-start-miguel-salguero-olivares-murder-trial-years-unc-student-found-dead-apartment/19881794/,20260928T041500Z,abc11.com,English,United States,,,no,,
2026-09-29T07:03:23.511098+00:00,physical_violence,Physical violence & killings,beaten,Huancayo : familiares de menor que murió apuñalado por otro escolar denuncian estancamiento en la investigación,https://diariocorreo.pe/edicion/huancayo/gobierno-asumiria-defensa-de-jose-jeri-en-investigacion-por-contratacion-de-funcionarias-noticia/,20260928T010000Z,diariocorreo.pe,Spanish,Peru,,,no,,
2026-09-29T07:03:23.511098+00:00,physical_violence,Physical violence & killings,beaten,"Clash between students and ABGP members at SRFTI , Kolkata ; several injured , Kolkata News in Hindi",https://www.khaskhabar.com/local/west-bengal/kolkata-news/news-clash-between-students-and-abgp-members-at-srfti-kolkata-several-injured-news-hindi-1-848313-KKN.html,20260927T194500Z,khaskhabar.com,Hindi,India,,,no,,
2026-09-29T07:03:23.511098+00:00,physical_violence,Physical violence & killings,beaten,La gira del II Informe : entre expectativas y espejismos en Michoacán - Quadratín,https://www.quadratin.com.mx/opinion/la-gira-del-ii-informe-entre-expectativas-y-espejismos-en-michoacan/,20260927T194500Z,quadratin.com.mx,Spanish,Mexico,,,no,,
2026-09-29T07:03:23.511098+00:00,physical_violence,Physical violence & killings,beaten,ブラック労働の教師しかないのか ？ | 不治の病に侵された者の行末,https://ameblo.jp/zeus-5963/entry-12979715158.html,20260927T191500Z,ameblo.jp,Japanese,Japan,,,no,,
2026-09-29T07:03:23.511098+00:00,physical_violence,Physical violence & killings,beaten,Killer set for lethal injection by all - women team in first female execution in 200 years,https://www.dailystar.co.uk/news/us-news/killer-set-lethal-injection-women-37707787,20260927T190000Z,dailystar.co.uk,English,United Kingdom,,,no,,
2026-09-29T07:03:23.511098+00:00,physical_violence,Physical violence & killings,beaten,Fuori dal Coro torna con unintervista al 15enne sfregiato al volto a Cesena,https://www.zazoom.it/2026-09-27/fuori-dal-coro-torna-con-unintervista-al-15enne-sfregiato-al-volto-a-cesena/19730573/,20260927T183000Z,zazoom.it,Italian,Italy,,,no,,
2026-09-29T07:03:23.511098+00:00,physical_violence,Physical violence & killings,beaten,"SBI ने खोला मुफ्त ऑनलाइन कोर्स का रास्ता , AI से पर्सनल ब्रांडिंग और फाइनेंस तक सीखने का मौका",https://www.palpalindia.com/2026/09/27/education-SBI-opens-free-online-courses-learning-opportunities-from-AI-to-personal-branding-and-finance.html,20260927T183000Z,palpalindia.com,Hindi,India,,,no,,
2026-09-29T07:03:23.511098+00:00,physical_violence,Physical violence & killings,beaten,Serbia politicians return to TV debates ahead of parliamentary election,https://www.euronews.com/2026/09/27/serbias-politicians-return-to-tv-debates-ahead-of-parliamentary-election,20260927T181500Z,euronews.com,English,United States,,,no,,
2026-09-29T07:03:23.511098+00:00,physical_violence,Physical violence & killings,beaten,Napoli e lAmerica Cup | quando il mare diventa una sfida di dignità,https://www.zazoom.it/2026-09-27/napoli-e-lamericas-cup-quando-il-mare-diventa-una-sfida-di-dignita/19730426/,20260927T171500Z,zazoom.it,Italian,Italy,,,no,,
2026-09-29T07:03:23.511098+00:00,physical_violence,Physical violence & killings,beaten,Coppa America a Napoli | trionfa Luna Rossa New Zealand deve arrendersi,https://www.zazoom.it/2026-09-27/coppa-america-a-napoli-trionfa-luna-rossa-new-zealand-deve-arrendersi/19730287/,20260927T160000Z,zazoom.it,Italian,Italy,,,no,,
2026-09-29T07:03:23.511098+00:00,physical_violence,Physical violence & killings,beaten,Cifras del Programa Nacional de Inglés 2025,http://www.elmanana.com/noticias/nacional/cifras-del-programa-nacional-de-ingles-2025/6190023,20260927T154500Z,elmanana.com,Spanish,Mexico,,,no,,
2026-09-29T07:03:23.511098+00:00,physical_violence,Physical violence & killings,beaten,Are these history greatest losers ? 19 people who had glory snatched away from them,https://www.historyextra.com/membership/are-these-historys-greatest-losers-19-people-who-had-glory-snatched-away-from-them/,20260927T153000Z,historyextra.com,English,United Kingdom,,,no,,
2026-09-29T07:03:23.511098+00:00,physical_violence,Physical violence & killings,beaten,My Turn : American rape culture fuels tales of female vengeance,https://recorder.com/2026/09/23/columnist-carrie-n-baker-american-rape-culture-fuels-tales-of-female-vengeance/,20260927T151500Z,recorder.com,English,United States,,,no,,
2026-09-29T07:03:23.511098+00:00,physical_violence,Physical violence & killings,beaten,Homem é esfaqueado após dar carona à ex - namorada em Muqui,https://g1.globo.com/es/espirito-santo/sul-es/noticia/2026/09/27/homem-e-esfaqueado-apos-dar-carona-a-ex-namorada-em-muqui-suspeito-e-o-ex-marido-da-mulher.ghtml,20260927T143000Z,g1.globo.com,Portuguese,Brazil,,,no,,
2026-09-29T07:03:23.511098+00:00,physical_violence,Physical violence & killings,beaten,"הגאון רבי דניאל ביטון פותח צוהר לעולם הנסתר • הנר שנדלק , הסוד מהוותיקן וכ .. ",https://www.kikar.co.il/itgadal/tlilwq,20260927T130000Z,kikar.co.il,Hebrew,Israel,,,no,,
2026-09-29T07:03:23.511098+00:00,physical_violence,Physical violence & killings,beaten,Programa nacional de Inglés pierde 460 mil alumnos,https://www.eluniversal.com.mx/nacion/programa-nacional-de-ingles-pierde-460-mil-alumnos/,20260927T124500Z,eluniversal.com.mx,Spanish,Mexico,,,no,,
2026-09-29T07:03:23.511098+00:00,physical_violence,Physical violence & killings,beaten,Königin Margrethe : Sie trauert um besondere Weggefährtin,https://www.gala.de/royals/allgemein/koenigin-margrethe--sie-trauert-um-besondere-weggefaehrtin--24680118.html,20260927T123000Z,gala.de,German,Germany,,,no,,
2026-09-29T07:03:23.511098+00:00,physical_violence,Physical violence & killings,beaten,"गैंगरेप के बाद हत्या ... पिता का आरोप , गुवाहटी में बॉयफ्रेंड आसिफ अली के साथ होमस्टे में रुकी थी छात्रा",https://www.livehindustan.com/national/guwahati-university-girl-student-father-alleges-murder-after-gang-rape-homestay-with-boyfriend-201790505335717.html,20260927T111500Z,livehindustan.com,Hindi,India,,,no,,
2026-09-29T07:03:23.511098+00:00,physical_violence,Physical violence & killings,beaten,"INTERVIU . A renunțat la corporație pentru ferma familiei . Azi are un brand puternic în România : „ La primele joburi , nu aveam curaj să negociez salariul  ",https://hotnews.ro/interviu-a-renuntat-la-corporatie-pentru-ferma-familiei-azi-are-un-brand-puternic-in-romania-la-primele-joburi-nu-aveam-curaj-sa-negociez-salariul-2355549,20260927T110000Z,hotnews.ro,Romanian,Romania,,,no,,
2026-09-29T07:03:23.511098+00:00,physical_violence,Physical violence & killings,beaten,Flere danske skoleelever oplever at blive mobbet,https://tidende.dk/ind-og-udland/indland-kriminal/flere-danske-skoleelever-oplever-at-blive-mobbet/406312,20260927T110000Z,tidende.dk,Danish,Denmark,,,no,,
2026-09-29T07:03:23.511098+00:00,physical_violence,Physical violence & killings,beaten,Remembering Galway All - Ireland glory 25 years on and the departed heroes of that era,https://www.the42.ie/galway-john-omahony-paul-clancy-7169447-Sep2026/,20260927T093000Z,the42.ie,English,Ireland,,,no,,
2026-09-29T07:03:23.511098+00:00,physical_violence,Physical violence & killings,beaten,Flere danske skoleelever oplever at blive mobbet,https://www.kristeligt-dagblad.dk/danmark/flere-danske-skoleelever-oplever-blive-mobbet,20260927T091500Z,kristeligt-dagblad.dk,Danish,Denmark,,,no,,
2026-09-29T07:03:23.511098+00:00,physical_violence,Physical violence & killings,beaten,曾遭冤狱五年 河北衡水市77岁夏同木又遭陷害,https://www.minghui.org/mh/articles/2026/9/27/%E6%9B%BE%E9%81%AD%E5%86%A4%E7%8B%B1%E4%BA%94%E5%B9%B4-%E6%B2%B3%E5%8C%97%E8%A1%A1%E6%B0%B4%E5%B8%8277%E5%B2%81%E5%A4%8F%E5%90%8C%E6%9C%A8%E5%8F%88%E9%81%AD%E9%99%B7%E5%AE%B3-514977.html,20260927T073000Z,minghui.org,Chinese,China,,,no,,
2026-09-29T07:03:23.511098+00:00,physical_violence,Physical violence & killings,beaten,安徽芜湖市法轮功学员徐凤柳遭受的迫害,https://www.minghui.org/mh/articles/2026/9/27/%E5%AE%89%E5%BE%BD%E8%8A%9C%E6%B9%96%E5%B8%82%E6%B3%95%E8%BD%AE%E5%8A%9F%E5%AD%A6%E5%91%98%E5%BE%90%E5%87%A4%E6%9F%B3%E9%81%AD%E5%8F%97%E7%9A%84%E8%BF%AB%E5%AE%B3-514980.html,20260927T073000Z,minghui.org,Chinese,China,,,no,,
2026-09-29T07:03:23.511098+00:00,physical_violence,Physical violence & killings,beaten,揮拳翻轉人生 ！ 二林拳擊小將淚水淬鍊選手路 企業熱血應援,https://n.yam.com/Article/20260927546727,20260927T073000Z,n.yam.com,Chinese,Taiwan,,,no,,
2026-09-29T07:03:23.511098+00:00,physical_violence,Physical violence & killings,tortured,Italia - Egitto dopo lomicidio Regeni i rapporti commerciali tra Roma e il Cairo sono aumentati,https://www.zazoom.it/2026-09-29/italia-egitto-dopo-lomicidio-regeni-i-rapporti-commerciali-tra-roma-e-il-cairo-sono-aumentati-10-anni-di-grandi-affari-su-gas-e-armi/19735521/,20260929T064500Z,zazoom.it,Italian,Italy,,,no,,
2026-09-29T07:03:23.511098+00:00,physical_violence,Physical violence & killings,tortured,Infiltrados,https://www.infolibre.es/club-infolibre/librepensadores/infiltrados_129_2236918.html,20260929T044500Z,infolibre.es,Spanish,Spain,,,no,,
2026-09-29T07:03:23.511098+00:00,physical_violence,Physical violence & killings,tortured,"Бункери Путіна , заколот генералів , страх Кремля - інтерв  ю Миколи Маломужа",https://24tv.ua/bunkeri-putina-zakolot-generaliv-strah-kremlya-intervyu-mikoli_n3150641,20260929T043000Z,24tv.ua,Ukrainian,Ukraine,,,no,,
2026-09-29T07:03:23.511098+00:00,physical_violence,Physical violence & killings,tortured,"В Теннесси впервые за последние 200 лет собираются казнить женщину . Ее защита утверждает , что она тоже жертва",https://www.bbc.com/russian/articles/cm36l9rdz4k6o,20260929T040000Z,bbc.com,Russian,United Kingdom,,,no,,
2026-09-29T07:03:23.511098+00:00,physical_violence,Physical violence & killings,tortured,Italian court convicts three Egyptian agents for kidnap of Giulio Regeni - Grenada Chronicle – Daily Grenada And Caribbean News,https://grenadachronicle.com/italian-court-convicts-three-egyptian-agents-for-kidnap-of-giulio-regeni/,20260929T011500Z,grenadachronicle.com,English,United States,,,no,,
2026-09-29T07:03:23.511098+00:00,physical_violence,Physical violence & killings,tortured,Três agentes egípcios condenados à revelia em Roma pela morte de estudante italiano,https://sapo.pt/artigo/tres-agentes-egipcios-condenados-a-revelia-em-roma-pela-morte-de-estudante-italiano-6abafe7bc5a3f84d7fc24268,20260929T010000Z,sapo.pt,Portuguese,Portugal,,,no,,
2026-09-29T07:03:23.511098+00:00,physical_violence,Physical violence & killings,tortured,"Italian court convicts three Egyptian agents for kidnap of Giulio Regeni - Dominican Republic Post – Caribbean News , Business , Travel & Culture",https://dominicanrepublicpost.com/italian-court-convicts-three-egyptian-agents-for-kidnap-of-giulio-regeni/,20260929T000000Z,dominicanrepublicpost.com,English,United States,,,no,,
2026-09-29T07:03:23.511098+00:00,physical_violence,Physical violence & killings,tortured,Italian court convicts three Egyptian agents for kidnap of Giulio Regeni,https://www.aljazeera.com/news/2026/9/28/italian-court-convicts-three-egyptian-agents-for-kidnap-of-giulio-regeni,20260928T220000Z,aljazeera.com,English,United States,,,no,,
2026-09-29T07:03:23.511098+00:00,physical_violence,Physical violence & killings,tortured,"Пресс - секретарь Зеленского возвращается из изгнания с посланием тирану ( Tuckercarlson . com , США ) ",https://inosmi.ru/20260928/ukraina-280387781.html,20260928T220000Z,inosmi.ru,Russian,Russia,,,no,,
2026-09-29T07:03:23.511098+00:00,physical_violence,Physical violence & killings,tortured,محكمة إيطالية تقضي بسجن ثلاثة مسؤولين أمنيين مصريين 10 سنوات في قضية مقتل جوليو ريجيني,https://arabic.euronews.com/2026/09/28/giulio-regeni-egypt-italy-egyptian-security-officials-regenis-kidnapping-regenis-to,20260928T210000Z,arabic.euronews.com,Arabic,United States,,,no,,
2026-09-29T07:03:23.511098+00:00,physical_violence,Physical violence & killings,tortured,"Quién es y qué crimen cometió Christa Pike , la primera mujer que será ejecutada en Tennessee en 200 años",https://laopinion.com/2026/09/28/quien-es-y-que-crimen-cometio-christa-pike-la-primera-mujer-que-sera-ejecutada-en-tennessee-en-200-anos/,20260928T210000Z,laopinion.com,Spanish,United States,,,no,,
2026-09-29T07:03:23.511098+00:00,physical_violence,Physical violence & killings,tortured,Italian court convicts three Egyptians in absentia for kidnap of slain student Regeni,https://www.hindustantimes.com/world-news/italian-court-convicts-three-egyptians-in-absentia-for-kidnap-of-slain-student-regeni-101790621858786.html,20260928T200000Z,hindustantimes.com,English,India,,,no,,
2026-09-29T07:03:23.511098+00:00,physical_violence,Physical violence & killings,tortured,"Quién es y qué crimen cometió Christa Pike , la primera mujer que será ejecutada en Tennessee en 200 años",https://acento.com.do/bbc-news-mundo/quien-es-y-que-crimen-cometio-christa-pike-la-primera-mujer-que-sera-ejecutada-en-tennessee-en-200-anos-9760636.html,20260928T200000Z,acento.com.do,Spanish,Dominican Republic,,,no,,
2026-09-29T07:03:23.511098+00:00,physical_violence,Physical violence & killings,tortured,Italian court convicts three Egyptians in absentia for kidnap of slain student Regeni,https://cyprus-mail.com/2026/09/28/italian-court-convicts-three-egyptians-in-absentia-for-kidnap-of-slain-student-regeni,20260928T200000Z,cyprus-mail.com,English,Cyprus,,,no,,
2026-09-29T07:03:23.511098+00:00,physical_violence,Physical violence & killings,tortured,"Dal rapimento di Regeni alla sentenza , dieci anni tra depistaggi e battaglie giudiziarie - Notizie",https://www.ansa.it/sito/notizie/cronaca/2026/09/28/dal-rapimento-di-regeni-alla-sentenza-dieci-anni-tra-depistaggi-e-battaglie_38d31e79-2269-450b-8c18-73f1a5e917dc.html,20260928T191500Z,ansa.it,Italian,Italy,,,no,,
2026-09-29T07:03:23.511098+00:00,physical_violence,Physical violence & killings,tortured,"Uccisione di Giulio Regeni al Cairo , tre condanne a Roma",https://www.rsi.ch/info/mondo/Uccisione-di-Giulio-Regeni-al-Cairo-tre-condanne-a-Roma--4119136.html,20260928T184500Z,rsi.ch,Italian,Switzerland,,,no,,
2026-09-29T07:03:23.511098+00:00,physical_violence,Physical violence & killings,tortured,Italienischer Student entführt und getötet : Gericht in Rom verurteilt ägyptische Geheimdienstler – DiePresse . com,https://www.diepresse.com/41307300/italienischer-student-entfuehrt-und-getoetet-gericht-in-rom-verurteilt,20260928T184500Z,diepresse.com,German,Austria,,,no,,
2026-09-29T07:03:23.511098+00:00,physical_violence,Physical violence & killings,tortured,"Omicidio Regeni , condannati tre 007 egiziani",https://www.cdt.ch/news/mondo/omicidio-regeni-condannati-tre-007-egiziani-440403,20260928T174500Z,cdt.ch,Italian,Switzerland,,,no,,
2026-09-29T07:03:23.511098+00:00,physical_violence,Physical violence & killings,tortured,Patagonia Founder Yvon Chouinard Lives a Simple Outdoor Life,https://www.outsideonline.com/culture/books-media/yvon-chouinard-jimmy-chin/,20260928T161500Z,outsideonline.com,English,United States,,,no,,
2026-09-29T07:03:23.511098+00:00,physical_violence,Physical violence & killings,tortured,Noche de Iguala,https://www.eldiariodechihuahua.mx/opinion/2026/sep/27/noche-de-iguala-841756.html,20260928T153000Z,eldiariodechihuahua.mx,Spanish,Mexico,,,no,,
2026-09-29T07:03:23.511098+00:00,physical_violence,Physical violence & killings,tortured,Jaque mate | El Siglo de Torreón,https://www.elsiglodetorreon.com.mx/noticia/2026/jaque-mate.2511013.html,20260928T151500Z,elsiglodetorreon.com.mx,Spanish,Mexico,,,no,,
2026-09-29T07:03:23.511098+00:00,physical_violence,Physical violence & killings,tortured,Noche de Iguala,https://diario.mx/opinion/2026/sep/27/noche-de-iguala-1140450.html,20260928T131500Z,diario.mx,Spanish,Mexico,,,no,,
2026-09-29T07:03:23.511098+00:00,physical_violence,Physical violence & killings,tortured,Works - in - Progress Showcase projects announced for 2026 BFI London Film Festival,https://www.bfi.org.uk/london-film-festival/news/works-progress-showcase-projects-announced-2026-bfi-london-film-festival,20260928T121500Z,bfi.org.uk,English,United Kingdom,,,no,,
2026-09-29T07:03:23.511098+00:00,physical_violence,Physical violence & killings,tortured,Giulio Regeni a 10 anni dalla morte la prima sentenza | l  attesa in tribunale,https://www.zazoom.it/2026-09-28/giulio-regeni-a-10-anni-dalla-morte-la-prima-sentenza-lattesa-in-tribunale/19732941/,20260928T121500Z,zazoom.it,Italian,Italy,,,no,,
2026-09-29T07:03:23.511098+00:00,physical_violence,Physical violence & killings,tortured,When can Wyoming children be treated like adults in court ? ,https://wyofile.com/when-can-wyoming-children-be-treated-like-adults-in-court/,20260928T111500Z,wyofile.com,English,United States,,,no,,
2026-09-29T07:03:23.511098+00:00,physical_violence,Physical violence & killings,tortured,Christa Pike podría ser la primera mujer ejecutada en Tennessee en 200 primaveras,https://bitacora.com.uy/christa-pike-podria-ser-la-primera-mujer-ejecutada-en-tennessee-en-200-primaveras/,20260928T101500Z,bitacora.com.uy,Spanish,Uruguay,,,no,,
2026-09-29T07:03:23.511098+00:00,physical_violence,Physical violence & killings,tortured,"Woman , 50 , faces execution this week for horror satanic ritual murder when she was a teen",https://www.mirror.co.uk/news/us-news/christa-pike-execution-satanic-murder-37708699,20260928T090000Z,mirror.co.uk,English,United Kingdom,,,no,,
2026-09-29T07:03:23.511098+00:00,physical_violence,Physical violence & killings,tortured,Giulio Regeni l  omicidio e il processo,https://www.zazoom.it/2026-09-28/giulio-regeni-lomicidio-e-il-processo/19731413/,20260928T063000Z,zazoom.it,Italian,Italy,,,no,,
2026-09-29T07:03:23.511098+00:00,physical_violence,Physical violence & killings,tortured,"Εορτολόγιο : Γιορτή Μικρασιάτη Αγίου που συνδέθηκε με την Παλαιστίνη σήμερα - Ποιοι γιορτάζουν Δευτέρα , 28 Σεπτεμβρίου",https://www.naftemporiki.gr/society/2167281/eortologio-giorti-mikrasiati-agioy-poy-syndethike-me-tin-palaistini-simera-poioi-giortazoyn-deytera-28-septemvrioy/,20260928T033000Z,naftemporiki.gr,Greek,Greece,,,no,,
2026-09-29T07:03:23.511098+00:00,physical_violence,Physical violence & killings,tortured,É bem mais difícil : campeão de taekwondo revela desafio ao virar ator,https://g1.globo.com/sp/santos-regiao/noticia/2026/09/27/e-bem-mais-dificil-campeao-de-taekwondo-revela-desafio-ao-virar-ator-e-voltar-a-viver-tora-pleura.ghtml,20260927T194500Z,g1.globo.com,Portuguese,Brazil,,,no,,
2026-09-29T07:03:23.511098+00:00,physical_violence,Physical violence & killings,tortured,"  Ela também é uma vítima : quem é Christa Pike , que pode ser a primeira mulher executada no Tennessee em 200 anos",https://www.correiobraziliense.com.br/mundo/2026/09/7509370-ela-tambem-e-uma-vitima-quem-e-christa-pike-que-pode-ser-a-primeira-mulher-executada-no-tennessee-em-200-anos.html,20260927T153000Z,correiobraziliense.com.br,Portuguese,Brazil,,,no,,
2026-09-29T07:03:23.511098+00:00,physical_violence,Physical violence & killings,tortured,Dieci anni dopo lomicidio di Giulio Regeni è cambiato tutto e non è cambiato niente,https://www.ilpost.it/2026/01/25/dieci-anni-scomparsa-omicidio-giulio-regeni/?homepagePosition=0.1&referrerPost=3688373,20260927T134500Z,ilpost.it,Italian,Italy,,,no,,
2026-09-29T07:03:23.511098+00:00,physical_violence,Physical violence & killings,tortured,Γιάννης Κεβρεκίδης : Δεν ανησυχώ για την τεχνητή νοημοσύνη,https://www.kathimerini.gr/opinion/geyma-me-thn-k/564483109/giannis-kevrekidis-den-anisycho-gia-tin-techniti-noimosyni/,20260927T123000Z,kathimerini.gr,Greek,Greece,,,no,,
2026-09-29T07:03:23.511098+00:00,physical_violence,Physical violence & killings,tortured,Al Polaco ( In memoriam ) ,https://www.ellitoral.com/opinion/dictadura-1976-desapariciones-asesinatos-muertes-tragedias-proceso-golpes-estado-militares-militantes-obreros-estudiantes-persecuciones-tortura_0_Myyhr07g5e.html,20260927T110000Z,ellitoral.com,Spanish,Argentina,,,no,,
2026-09-29T07:03:23.511098+00:00,physical_violence,Physical violence & killings,tortured,"  X - Factor : Das Unfassbare  - Serien - Mysteryserie , RTL zwei , 27 . 09 . 2026 , 09 : 18 Uhr - Sendung im TV - Programm - TV & Radio",https://www.tele.at/sendungsdetails/22844045/x-factor-das-unfassbare.html,20260927T081500Z,tele.at,German,Austria,,,no,,
2026-09-29T07:03:23.511098+00:00,legal_harassment,Legal harassment & lawfare,prosecuted,A Yellow Ribbon - Nassau Weekly,https://nassauweekly.com/a-yellow-ribbon/,20260929T053000Z,nassauweekly.com,English,United States,,,no,,
2026-09-29T07:03:23.511098+00:00,legal_harassment,Legal harassment & lawfare,prosecuted,  중학생 제자 동의에 성관계  교사 거짓말  들통 … 곧 사라질  檢 보완수사  사례 봤더니 - 사회ㅣ한국일보,https://www.hankookilbo.com/news/article/A2026092821490002833,20260929T041500Z,hankookilbo.com,Korean,South Korea,,,no,,
2026-09-29T07:03:23.511098+00:00,legal_harassment,Legal harassment & lawfare,prosecuted,Indonesia top Muslim body wants to replace  LGBT  with term that includes sexual abuse,https://76crimes.com/2026/09/28/indonesias-muslim-replace-lgbt/,20260929T024500Z,76crimes.com,English,Uganda,,,no,,
2026-09-29T07:03:23.511098+00:00,legal_harassment,Legal harassment & lawfare,prosecuted,Yu Tok - Post Courier,https://www.postcourier.com.pg/yu-tok-290926/,20260928T233000Z,postcourier.com.pg,English,Papua New Guinea,,,no,,
2026-09-29T07:03:23.511098+00:00,legal_harassment,Legal harassment & lawfare,prosecuted,CA Extends Time Parents Have To Surrender Their Newborns With No Questions Asked,https://patch.com/california/temecula/ca-extends-time-parents-have-surrender-their-newborns-no-questions-asked,20260928T224500Z,patch.com,English,United States,,,no,,
2026-09-29T07:03:23.511098+00:00,legal_harassment,Legal harassment & lawfare,prosecuted,Arab News | Serbia populist President Vucic resigns to run for prime minister,https://www.arabnews.com/world/serbias-populist-president-vucic-resigns-to-run-for-prime-minister-3003628,20260928T213000Z,arabnews.com,English,Saudi Arabia,,,no,,
2026-09-29T07:03:23.511098+00:00,legal_harassment,Legal harassment & lawfare,prosecuted,Φοιτήτρια στο Κορνέλ καταγγέλλει εφιαλτικές ώρες σε σπίτι αδελφότητας : Τη νάρκωσαν και τη βίαζαν για ώρες,https://www.newsbeast.gr/world/arthro/13387330/foititria-sto-kornel-katangellei-efialtikes-ores-se-spiti-adelfotitas-ti-narkosan-kai-ti-viazan-gia-ores,20260928T213000Z,newsbeast.gr,Greek,Greece,,,no,,
2026-09-29T07:03:23.511098+00:00,legal_harassment,Legal harassment & lawfare,prosecuted,Details emerge in case of former Cornell student alleging gang rape by fraternity members,https://www.cbsnews.com/news/cornell-university-rape-allegations-chi-phi-fraternity-details/,20260928T190000Z,cbsnews.com,English,United States,,,no,,
2026-09-29T07:03:23.511098+00:00,legal_harassment,Legal harassment & lawfare,prosecuted,Cornell Gang Rape Investigation Reopened as Defendant Lawyer Hits Back,https://www.newsweek.com/cornell-gang-rape-investigation-reopened-as-defendants-lawyer-hits-back-12496254,20260928T184500Z,newsweek.com,English,United States,,,no,,
2026-09-29T07:03:23.511098+00:00,legal_harassment,Legal harassment & lawfare,prosecuted,Luxembourg Launches Youth Awareness Campaign Against Money Muling,https://www.chronicle.lu/category/at-home/63665-luxembourg-launches-youth-awareness-campaign-against-money-muling,20260928T173000Z,chronicle.lu,English,Luxembourg,,,no,,
2026-09-29T07:03:23.511098+00:00,legal_harassment,Legal harassment & lawfare,prosecuted,Comedian convicted for Erdogan  insult  but freed pending appeal,https://www.freemalaysiatoday.com/category/world/2026/09/28/comedian-convicted-for-erdogan-insult-but-freed-pending-appeal,20260928T161500Z,freemalaysiatoday.com,English,Malaysia,,,no,,
2026-09-29T07:03:23.511098+00:00,legal_harassment,Legal harassment & lawfare,prosecuted,Comedian convicted for Erdogan  insult  but freed pending appeal,https://www.al-monitor.com/originals/2026/09/comedian-convicted-erdogan-insult-freed-pending-appeal,20260928T153000Z,al-monitor.com,English,Israel,,,no,,
2026-09-29T07:03:23.511098+00:00,legal_harassment,Legal harassment & lawfare,prosecuted,Tompkins County DA reopens investigation into alleged rape at Cornell fraternity,https://cbs6albany.com/news/local/tompkins-county-da-reopens-investigation-into-alleged-rape-at-cornell-fraternity,20260928T153000Z,cbs6albany.com,English,United States,,,no,,
2026-09-29T07:03:23.511098+00:00,legal_harassment,Legal harassment & lawfare,prosecuted,Walz  exit interview  reflecting on his tenure sparks lawmaker debate about his legacy :  Never serious  ,https://www.wfmd.com/2026/09/28/walzs-exit-interview-reflecting-on-his-tenure-sparks-lawmaker-debate-about-his-legacy-never-serious/,20260928T151500Z,wfmd.com,English,United States,,,no,,
2026-09-29T07:03:23.511098+00:00,legal_harassment,Legal harassment & lawfare,prosecuted,Serbia President Vucic resigns ahead of October parliamentary elections – The Times Of Earth,https://www.timesofearth.com/2026/09/28/serbias-president-vucic-resigns-ahead-of-october-parliamentary-elections/,20260928T131500Z,timesofearth.com,English,Syria,,,no,,
2026-09-29T07:03:23.511098+00:00,legal_harassment,Legal harassment & lawfare,prosecuted,  집단 성폭행 가해자 중 한인 재학생도 … 美명문 코넬대 발칵 - 국제ㅣ한국일보,https://www.hankookilbo.com/news/article/A2026092818030004273,20260928T110000Z,hankookilbo.com,Korean,South Korea,,,no,,
2026-09-29T07:03:23.511098+00:00,legal_harassment,Legal harassment & lawfare,prosecuted,Palestinian Authority President Mahmoud Abbas Tells the UN : Reforms Are Complete . The Evidence Says Otherwise,https://www.gatestoneinstitute.org/22886/palestinian-authority-reforms,20260928T094500Z,gatestoneinstitute.org,English,Israel,,Palestine,no,,
2026-09-29T07:03:23.511098+00:00,legal_harassment,Legal harassment & lawfare,prosecuted,  국힘 가입 강요  신천지 이만희 측  정당 가입 사실 맞지만 강요 없었다  ,https://www.newspim.com/news/view/20260928000809,20260928T074500Z,newspim.com,Korean,South Korea,,,no,,
2026-09-29T07:03:23.511098+00:00,legal_harassment,Legal harassment & lawfare,prosecuted,Serbia populist President Vucic resigns to run for prime minister at early vote,http://www.dailyadvance.com/news/world/serbias-populist-president-vucic-resigns-to-run-for-prime-minister-at-early-vote/article_a6a8818b-aa0f-58e0-846d-3ddef150fede.html,20260928T070000Z,dailyadvance.com,English,United States,,,no,,
2026-09-29T07:03:23.511098+00:00,legal_harassment,Legal harassment & lawfare,prosecuted,Serbia populist President Vucic resigns to run for prime minister at early vote,http://www.hngnews.com/nation_world/serbias-populist-president-vucic-resigns-to-run-for-prime-minister-at-early-vote/article_a408a06f-4cd0-5e56-90d2-261e446b31fb.html,20260928T070000Z,hngnews.com,English,United States,,,no,,
2026-09-29T07:03:23.511098+00:00,legal_harassment,Legal harassment & lawfare,prosecuted,Serbia populist President Vucic resigns to run for prime minister at early vote,https://www.durangoherald.com/articles/associated-press/serbias-populist-president-vucic-resigns-to-run-for-prime-minister-at-early-vote/,20260928T070000Z,durangoherald.com,English,United States,,,no,,
2026-09-29T07:03:23.511098+00:00,legal_harassment,Legal harassment & lawfare,prosecuted,Serbia populist President Vucic resigns to run for prime minister at early vote,http://www.thegazette.com/news/world/serbias-populist-president-vucic-resigns-to-run-for-prime-minister-at-early-vote/article_f009855c-c13b-5d81-9682-8eaee93da3c2.html,20260928T064500Z,thegazette.com,English,United States,,,no,,
2026-09-29T07:03:23.511098+00:00,legal_harassment,Legal harassment & lawfare,prosecuted,Serbia populist President Vucic resigns to run for prime minister at early vote,https://www.mankatofreepress.com/news/state_national_news/serbias-populist-president-vucic-resigns-to-run-for-prime-minister-at-early-vote/article_d92e9faf-f620-5fa4-a7d5-7ced04d18e24.html,20260928T063000Z,mankatofreepress.com,English,United States,,,no,,
2026-09-29T07:03:23.511098+00:00,legal_harassment,Legal harassment & lawfare,prosecuted,Serbia populist President Vucic resigns to run for prime minister at early vote,https://www.yakimaherald.com/news/nation_and_world/nation/serbias-populist-president-vucic-resigns-to-run-for-prime-minister-at-early-vote/article_3edbbf0e-8713-52c3-9f3a-d3388d4f60d3.html,20260928T060000Z,yakimaherald.com,English,United States,,,no,,
2026-09-29T07:03:23.511098+00:00,legal_harassment,Legal harassment & lawfare,prosecuted,Serbia populist President Vucic resigns to run for prime minister at early vote,http://www.rockymounttelegram.com/news/world/serbias-populist-president-vucic-resigns-to-run-for-prime-minister-at-early-vote/article_ae9d7d0f-eebd-5979-9a47-9f863a1e84bd.html,20260928T060000Z,rockymounttelegram.com,English,United States,,,no,,
2026-09-29T07:03:23.511098+00:00,legal_harassment,Legal harassment & lawfare,prosecuted,Serbia populist President Vucic resigns to run for prime minister at early vote,https://lancasteronline.com/news/world/serbias-populist-president-vucic-resigns-to-run-for-prime-minister-at-early-vote/article_43c39682-4000-5fc0-9854-8ce96a7e6387.html,20260928T054500Z,lancasteronline.com,English,United States,,,no,,
2026-09-29T07:03:23.511098+00:00,legal_harassment,Legal harassment & lawfare,prosecuted,Serbia populist President Vucic resigns to run for prime minister at early vote,http://www.idahopress.com/news/world/serbias-populist-president-vucic-resigns-to-run-for-prime-minister-at-early-vote/article_052f95f6-755f-58e2-a979-11c75e8bf10f.html,20260928T053000Z,idahopress.com,English,United States,,,no,,
2026-09-29T07:03:23.511098+00:00,legal_harassment,Legal harassment & lawfare,prosecuted,Serbia President Vucic resigns to run for prime minister,https://www.wsbradio.com/news/world/serbias-populist/4JCIZIY6IEYX5NWY2OGHEQDJKQ/,20260927T211500Z,wsbradio.com,English,United States,,,no,,
2026-09-29T07:03:23.511098+00:00,legal_harassment,Legal harassment & lawfare,prosecuted,Serbia populist President Vucic resigns to run for prime minister at early vote,http://www.reflector.com/news/national/serbias-populist-president-vucic-resigns-to-run-for-prime-minister-at-early-vote/article_0e23c27a-c9c1-5cf2-a6d2-ef87b389128b.html,20260927T200000Z,reflector.com,English,United States,,,no,,
2026-09-29T07:03:23.511098+00:00,legal_harassment,Legal harassment & lawfare,prosecuted,Serbia populist President Vucic resigns to run for prime minister at early vote,https://www.ksat.com/news/world/2026/09/27/serbias-populist-president-vucic-resigns-to-run-for-prime-minister-at-early-vote/,20260927T200000Z,ksat.com,English,United States,,,no,,
2026-09-29T07:03:23.511098+00:00,legal_harassment,Legal harassment & lawfare,prosecuted,Serbia populist President Vucic resigns to run for prime minister at early vote – Brandon Sun,https://www.brandonsun.com/world/2026/09/27/serbias-populist-president-vucic-resigns-to-run-for-prime-minister-at-early-vote,20260927T200000Z,brandonsun.com,English,Canada,,,no,,
2026-09-29T07:03:23.511098+00:00,legal_harassment,Legal harassment & lawfare,prosecuted,Serbia populist President Vucic resigns to run for prime minister at early vote,http://www.idahopress.com/ap_news/us/serbias-populist-president-vucic-resigns-to-run-for-prime-minister-at-early-vote/article_052f95f6-755f-58e2-a979-11c75e8bf10f.html,20260927T194500Z,idahopress.com,English,United States,,,no,,
2026-09-29T07:03:23.511098+00:00,legal_harassment,Legal harassment & lawfare,prosecuted,Serbia populist President Vucic resigns to run for prime minister at early vote – Winnipeg Free Press,https://www.winnipegfreepress.com/world/2026/09/27/serbias-populist-president-vucic-resigns-to-run-for-prime-minister-at-early-vote,20260927T194500Z,winnipegfreepress.com,English,Canada,,,no,,
2026-09-29T07:03:23.511098+00:00,legal_harassment,Legal harassment & lawfare,prosecuted,  مفتاح الإيقاف  لا يكفي .. الذكاء الاصطناعي يختبر حدود السيطرة البشرية,https://www.aljazeera.net/politics/2026/9/27/%D9%85%D9%81%D8%AA%D8%A7%D8%AD-%D8%A7%D9%84%D8%A5%D9%8A%D9%82%D8%A7%D9%81-%D9%84%D8%A7-%D9%8A%D9%83%D9%81%D9%8A-%D8%A7%D9%84%D8%B0%D9%83%D8%A7%D8%A1,20260927T161500Z,aljazeera.net,Arabic,Israel,,,no,,
2026-09-29T07:03:23.511098+00:00,legal_harassment,Legal harassment & lawfare,indicted,FBI top 10 list : How Goldy Brar runs Bishnoi gang global crime empire from US,https://www.hindustantimes.com/india-news/fbi-top-10-list-how-goldy-brar-runs-bishnoi-gang-s-global-crime-empire-from-us-101790658743164.html,20260929T063000Z,hindustantimes.com,English,India,,,no,,
2026-09-29T07:03:23.511098+00:00,legal_harassment,Legal harassment & lawfare,criminalized,Depoimento especial de adolescente infrator ? ,https://conjur.com.br/2026-set-28/depoimento-especial-de-adolescente-infrator/,20260928T131500Z,conjur.com.br,Portuguese,Brazil,,,no,,
2026-09-29T07:03:23.511098+00:00,institutional_sanction,Institutional & academic sanctions,expelled,Νέα Υόρκη : Ομαδικό βιασμό καταγγέλει φοιτητρια του Πανεπιστημίου Κορνέλ,https://newpost.gr/eidiseis/nea-yorki-omadiko-viasmo-kataggelei-foititria-toy-panepistimioy-kornel/,20260929T064500Z,newpost.gr,Greek,Greece,,,no,,
2026-09-29T07:03:23.511098+00:00,institutional_sanction,Institutional & academic sanctions,expelled,Ithaca Police Department States Alleged Chi Phi Gang Rape Was Never Reported to Them,https://www.cornellsun.com/article/2026/09/cmthd1weggdc,20260929T063000Z,cornellsun.com,English,United States,,,no,,
2026-09-29T07:03:23.511098+00:00,institutional_sanction,Institutional & academic sanctions,expelled,Prosecutor reopens probe into Cornell gang rape allegations after accuser files lawsuit,https://isp.netscape.com:443/news/story/0001/20260929/16f59e89ce97e3a40a8e672f7b3f374b,20260929T063000Z,isp.netscape.com,English,United States,,,no,,
2026-09-29T07:03:23.511098+00:00,institutional_sanction,Institutional & academic sanctions,expelled,"Ithaca Mayor Calls for Moratorium on All Student Event Permits , Including Greek Life , Amid Chi Phi Lawsuit",https://www.cornellsun.com/article/2026/09/ithaca-mayor-calls-for-moratorium-on-all-student-event-permits-including-greek-life-amid-chi-phi-lawsuit,20260929T063000Z,cornellsun.com,English,United States,,,no,,
2026-09-29T07:03:23.511098+00:00,institutional_sanction,Institutional & academic sanctions,expelled,EU reabre investigación por presunta violación grupal en Universidad Cornell,https://www.globalmedia.mx/articles/eu_reabre_investigacion_por_presunta_violacion_grupal_en_universidad_cornell,20260929T061500Z,globalmedia.mx,Spanish,Mexico,,,no,,
2026-09-29T07:03:23.511098+00:00,institutional_sanction,Institutional & academic sanctions,expelled,RIGHT SPEAK : ICYMI : University of Utah Student Gifts College Republicans  Happy Kirkiversary  Cake : Guess Who Wound Up in Trouble with the Administration ? ,http://www.rightspeak.net/2026/09/icymi-university-of-utah-student-gifts.html,20260929T044500Z,rightspeak.net,English,United States,,,no,,
2026-09-29T07:03:23.511098+00:00,institutional_sanction,Institutional & academic sanctions,expelled,Penn State cocaine kingpin father admits  Ive not lived a perfect life  as he indicted for helping boys run drug empire,https://www.dailymail.com/news/article-16166727/Penn-State-cocaine-kingpins-father-admits-Ive-not-lived-perfect-life-hes-indicted-helping-boys-run-drug-empire.html,20260929T043000Z,dailymail.com,English,United States,,,no,,
2026-09-29T07:03:23.511098+00:00,institutional_sanction,Institutional & academic sanctions,expelled,"José Carlos Díez :  La mitad de los funcionarios se jubila en una década , metería el uso de la IA a lo bestia  ",https://www.elconfidencial.com/economia/2026-09-29/entrevista-jose-carlos-diez-inteligencia-artificial-funcionarios-cbtrntrv_4433873/,20260929T043000Z,elconfidencial.com,Spanish,Spain,,,no,,
2026-09-29T07:03:23.511098+00:00,institutional_sanction,Institutional & academic sanctions,expelled,Mikil reiði vegna lítilla afleiðinga fyrir meinta gerendur í afar grófu kynferðisbrotamáli - „ Ókeypis píka  | DV,https://www.dv.is/pressan/2026/09/28/mikil-reidi-vegna-litilla-afleidinga-fyrir-gerendur-i-afar-grofu,20260929T024500Z,dv.is,Icelandic,Iceland,,,no,,
2026-09-29T07:03:23.511098+00:00,institutional_sanction,Institutional & academic sanctions,expelled,Reabren investigación por presunta violación grupal en universidad de EE . UU . ,https://aristeguinoticias.com/2809/mundo/presunta-violacion-grupal-en-universidad-de-ee-uu-causa-indignacion/,20260929T021500Z,aristeguinoticias.com,Spanish,Mexico,,,no,,
2026-09-29T07:03:23.511098+00:00,institutional_sanction,Institutional & academic sanctions,expelled,Justiça concede liberdade condicional a Wilker Leão após prisão - 28 / 09 / 2026,https://www.dgabc.com.br/Noticia/4349626/justica-concede-liberdade-condicional-a-wilker-leao-apos-prisao,20260929T020000Z,dgabc.com.br,Portuguese,Brazil,,,no,,
2026-09-29T07:03:23.511098+00:00,institutional_sanction,Institutional & academic sanctions,expelled,Los que hicieron la UNSL : del rector desaparecido al hacedor de la democracia,https://www.eldiariodelarepublica.com/nota/2026-9-28-15-44-0-los-que-hicieron-la-unsl-del-rector-desaparecido-al-hacedor-de-la-democria,20260929T011500Z,eldiariodelarepublica.com,Spanish,Argentina,,,no,,
2026-09-29T07:03:23.511098+00:00,institutional_sanction,Institutional & academic sanctions,expelled,Estudiantes será sancionado tras la Supercopa Internacional : en qué torneo deberá cumplir,https://elintransigente.com/2026/09/estudiantes-la-plata-sanciones-afa/,20260929T010000Z,elintransigente.com,Spanish,Argentina,,,no,,
2026-09-29T07:03:23.511098+00:00,institutional_sanction,Institutional & academic sanctions,expelled,Una escuela rural de San Martín lucha contra el abandono y su director está entre los tres mejores de Argentina,https://www.losandes.com.ar/sociedad/una-escuela-rural-san-martin-lucha-contra-el-abandono-y-su-director-esta-los-tres-mejores-argentina-n6008127,20260929T010000Z,losandes.com.ar,Spanish,Argentina,,,no,,
2026-09-29T07:03:23.511098+00:00,institutional_sanction,Institutional & academic sanctions,expelled,Schools are experimenting with AI with little evidence or policy to guide them,https://www.mtpr.org/2026-09-28/schools-are-experimenting-with-ai-with-little-evidence-or-policy-to-guide-them,20260929T004500Z,mtpr.org,English,United States,,,no,,
2026-09-29T07:03:23.511098+00:00,institutional_sanction,Institutional & academic sanctions,expelled,那些不清淨的佛門之一 ／ 接待過普丁的住持 包養情婦還有私生子 - 兩岸,https://www.chinatimes.com/realtimenews/20260928002758-260409,20260929T004500Z,chinatimes.com,Chinese,Taiwan,,,no,,
2026-09-29T07:03:23.511098+00:00,institutional_sanction,Institutional & academic sanctions,expelled,Justiça concede liberdade condicional a Wilker Leão após prisão,https://www.estadao.com.br/politica/eleicoes/justica-concede-liberdade-condicional-a-wilker-leao-apos-prisao-nprp/,20260929T004500Z,estadao.com.br,Portuguese,Brazil,,,no,,
2026-09-29T07:03:23.511098+00:00,institutional_sanction,Institutional & academic sanctions,expelled,Former  South Park  Writer Creates Site to Expose Cornell Sexual Assault Case,https://variety.com/2026/tv/news/south-park-writer-cornell-university-sexual-assault-case-1236877772/,20260929T000000Z,variety.com,English,United States,,,no,,
2026-09-29T07:03:23.511098+00:00,institutional_sanction,Institutional & academic sanctions,expelled,Jane Doe Sues Cornell University Over 2024 Allegations Where Is Cornell University Located,https://www.el-balad.com/17054214,20260929T000000Z,el-balad.com,English,Egypt,,,no,,
2026-09-29T07:03:23.511098+00:00,institutional_sanction,Institutional & academic sanctions,expelled,El caso de una estudiante de Cornell que llega dos años después y recuerda a La Manada,https://www.mundiario.com/articulo/sociedad/caso-estudiante-cornell-que-llega-dos-anos-despues-recuerda-manada/20260928224730443775.html,20260928T233000Z,mundiario.com,Spanish,Spain,,,no,,
2026-09-29T07:03:23.511098+00:00,institutional_sanction,Institutional & academic sanctions,expelled,Prosecutor reopens probe into alleged Cornell gang rape – NBC Los Angeles,https://www.nbclosangeles.com/news/national-international/cornell-gang-rape-investigation-reopened-accuser-files-lawsuit/3948200/,20260928T233000Z,nbclosangeles.com,English,United States,,,no,,
2026-09-29T07:03:23.511098+00:00,institutional_sanction,Institutional & academic sanctions,expelled,Traficante do Complexo de Israel ordena ataque a ônibus escolares,https://www.otempo.com.br/brasil/2026/9/28/chefe-do-trafico-no-complexo-de-israel-ordenou-ataque-a-onibus-escolares-diz-policia,20260928T233000Z,otempo.com.br,Portuguese,Brazil,,,no,,
2026-09-29T07:03:23.511098+00:00,institutional_sanction,Institutional & academic sanctions,expelled,DA Office Didnt Do Independent Investigation in Cornell Case,https://www.usmagazine.com/crime-news/news/da-office-didnt-do-independent-investigation-in-cornell-case/,20260928T233000Z,usmagazine.com,English,United States,,,no,,
2026-09-29T07:03:23.511098+00:00,institutional_sanction,Institutional & academic sanctions,expelled,Pugh speaks out as DA reopens Cornell  gang rape  case - 矿场发表于 AP - 论坛,https://bbs.wenxuecity.com/ap/8051348.html,20260928T224500Z,bbs.wenxuecity.com,English,China,,,no,,
2026-09-29T07:03:23.511098+00:00,institutional_sanction,Institutional & academic sanctions,expelled,New York prosecutors reopen investigation after student files lawsuit over alleged gang rape at Cornell University,https://www.kezi.com/news/national/new-york-prosecutors-reopen-investigation-after-student-files-lawsuit-over-alleged-gang-rape-at-cornell/article_1175f495-579d-544b-bba8-6dba35ab559d.html,20260928T224500Z,kezi.com,English,United States,,,no,,
2026-09-29T07:03:23.511098+00:00,institutional_sanction,Institutional & academic sanctions,expelled,PF prende candidato de extrema direita por depredar patrimônio de universidade,https://regiaonoroeste.com/pf-prende-candidato-de-extrema-direita-por-depredar-patrimonio-de-universidade/,20260928T224500Z,regiaonoroeste.com,Portuguese,Brazil,,,no,,
2026-09-29T07:03:23.511098+00:00,institutional_sanction,Institutional & academic sanctions,expelled,"Cornell Denies That Defendants in Alleged Chi Phi Gang Rape Only Wrote Essays , Confirms Expulsions",https://www.cornellsun.com/article/2026/09/cornell-denies-that-defendants-in-alleged-chi-phi-gang-rape-only-wrote-essays-confirms-expulsions,20260928T221500Z,cornellsun.com,English,United States,,,no,,
2026-09-29T07:03:23.511098+00:00,institutional_sanction,Institutional & academic sanctions,expelled,Protestos por moradia chegam ao terceiro dia em Madri após despejo,https://correiodobrasil.com.br/a/protestos-moradia-madri-despejo,20260928T220000Z,correiodobrasil.com.br,Portuguese,Brazil,,,yes,,
2026-09-29T07:03:23.511098+00:00,institutional_sanction,Institutional & academic sanctions,expelled,Prosecutor reopens probe into Cornell gang rape allegations after accuser files lawsuit,http://www.reflector.com/news/national/prosecutor-reopens-probe-into-cornell-gang-rape-allegations-after-accuser-files-lawsuit/article_1a09b1d9-8b7a-56dc-bdc0-163bb8f23622.html,20260928T220000Z,reflector.com,English,United States,,,no,,
2026-09-29T07:03:23.511098+00:00,institutional_sanction,Institutional & academic sanctions,expelled,Morning Mail : Larissa Waters quits as Greens leader ; Sydney datacentre scrapped ; and SpaceX rocket blasts off,https://www.theguardian.com/australia-news/2026/sep/29/morning-mail-tuesday-ntwnfb,20260928T220000Z,theguardian.com,English,United Kingdom,,,no,,
2026-09-29T07:03:23.511098+00:00,institutional_sanction,Institutional & academic sanctions,expelled,Prosecutor reopens probe into Cornell gang rape allegations after accuser files lawsuit - Las Vegas Sun News,https://lasvegassun.com/news/2026/sep/28/prosecutor-reopens-probe-into-cornell-gang-rape-al/,20260928T214500Z,lasvegassun.com,English,United States,,,no,,
2026-09-29T07:03:23.511098+00:00,institutional_sanction,Institutional & academic sanctions,expelled,Prosecutor reopens probe into alleged Cornell gang rape – NBC10 Philadelphia,https://www.nbcphiladelphia.com/news/national-international/cornell-gang-rape-investigation-reopened-accuser-files-lawsuit/4470581/,20260928T213000Z,nbcphiladelphia.com,English,United States,,,no,,
2026-09-29T07:03:23.511098+00:00,institutional_sanction,Institutional & academic sanctions,expelled,Schools are experimenting with AI with little evidence or policy to guide them,https://www.wyso.org/npr-news/2026-09-28/schools-are-experimenting-with-ai-with-little-evidence-or-policy-to-guide-them,20260928T211500Z,wyso.org,English,United States,,,no,,
2026-09-29T07:03:23.511098+00:00,institutional_sanction,Institutional & academic sanctions,expelled,Cornell University Calls Gang Rape Accuser Essay Claims  Irresponsible  While Defending Its Handling of Allegations,https://www.ibtimes.co.uk/cornell-fraternity-assault-investigation-reopens-1822457,20260928T211500Z,ibtimes.co.uk,English,United Kingdom,,,no,,
2026-09-29T07:03:23.511098+00:00,institutional_sanction,Institutional & academic sanctions,expelled,Fiscales reabren investigación por caso de Cornell en EEUU,https://www.excelsior.com.mx/internacional/fiscales-cornell-investigacion,20260928T211500Z,excelsior.com.mx,Spanish,Mexico,,,no,,
2026-09-29T07:03:23.511098+00:00,institutional_sanction,Institutional & academic sanctions,expelled,Prosecutor reopens probe into Cornell gang rape allegations after accuser files lawsuit,http://www.idahostatejournal.com/news/national/prosecutor-reopens-probe-into-cornell-gang-rape-allegations-after-accuser-files-lawsuit/article_653ad5b9-5285-578b-a9f8-41fcd5b4357b.html,20260928T211500Z,idahostatejournal.com,English,United States,,,no,,
2026-09-29T07:03:23.511098+00:00,institutional_sanction,Institutional & academic sanctions,expelled,Authorities reopen case of alleged Cornell University gang rape,https://www.nzherald.co.nz/world/authorities-reopen-case-of-alleged-cornell-university-gang-rape/WHFWHIUOFVBG3NSSB3QFDNGEYU/,20260928T211500Z,nzherald.co.nz,English,New Zealand,,,no,,
2026-09-29T07:03:23.511098+00:00,institutional_sanction,Institutional & academic sanctions,expelled,New York prosecutors reopen investigation after student files lawsuit over alleged gang rape at Cornell University,https://www.cbs58.com/news/new-york-prosecutors-reopen-investigation-after-student-files-lawsuit-over-alleged-gang-rape-at-cornell-university,20260928T210000Z,cbs58.com,English,United States,,,no,,
2026-09-29T07:03:23.511098+00:00,institutional_sanction,Institutional & academic sanctions,expelled,Prosecutor reopens probe into alleged Cornell gang rape – NBC Bay Area,https://www.nbcbayarea.com/news/national-international/cornell-gang-rape-investigation-reopened-accuser-files-lawsuit/4149638/,20260928T210000Z,nbcbayarea.com,English,United States,,,no,,
2026-09-29T07:03:23.511098+00:00,institutional_sanction,Institutional & academic sanctions,expelled,Prosecutor reopens probe into Cornell gang rape allegations after accuser files lawsuit,https://www.latimes.com/world-nation/story/2026-09-28/prosecutor-reopens-probe-into-cornell-gang-rape-allegations-after-accuser-files-lawsuit,20260928T210000Z,latimes.com,English,United States,,,no,,
2026-09-29T07:03:23.511098+00:00,institutional_sanction,Institutional & academic sanctions,expelled,Investigation reopened into alleged gang rape at Cornell University,https://www.mynbc5.com/article/cornell-sexual-assault-case-grand-jury-review/73925701,20260928T201500Z,mynbc5.com,English,United States,,,no,,
2026-09-29T07:03:23.511098+00:00,institutional_sanction,Institutional & academic sanctions,expelled,Prosecutor reopens probe into Cornell gang rape allegations after accuser files lawsuit,http://www.rockymounttelegram.com/news/national/prosecutor-reopens-probe-into-cornell-gang-rape-allegations-after-accuser-files-lawsuit/article_3ceddab2-a546-58ea-861b-c7f11668a9d4.html,20260928T200000Z,rockymounttelegram.com,English,United States,,,no,,
2026-09-29T07:03:23.511098+00:00,institutional_sanction,Institutional & academic sanctions,expelled,"  El problema no es la camiseta de fútbol que han prohibido llevar a los colegios , el problema es lo que hacemos cuando una diferencia de identidad genera un conflicto  ",https://www.cope.es/programas/la-tarde/audios/problema-no-camiseta-futbol-han-prohibido-llevar-colegios-problema-diferencia-identidad-genera-conflicto-20260928_3445258.html,20260928T200000Z,cope.es,Spanish,Spain,,,no,,
2026-09-29T07:03:23.511098+00:00,institutional_sanction,Institutional & academic sanctions,expelled,Investigation reopened into alleged gang rape at Cornell University,https://www.wcvb.com/article/cornell-sexual-assault-case-grand-jury-review/73925701,20260928T200000Z,wcvb.com,English,United States,,,no,,
2026-09-29T07:03:23.511098+00:00,institutional_sanction,Institutional & academic sanctions,expelled,Grossesses non planifiées : les enfants obligés de porter le poids des difficultés familiales ( Enquête ) ,https://lanouvelletribune.info/2026/09/grossesses-non-planifiees-les-enfants-obliges-de-porter-le-poids-des-difficultes-familiales-enquete/,20260928T200000Z,lanouvelletribune.info,French,Benin,,,no,,
2026-09-29T07:03:23.511098+00:00,institutional_sanction,Institutional & academic sanctions,expelled,La Generación Z toma la Puerta del Sol para poder vivir : Con tres sueldos entre dos es imposible independizarnos,https://www.lavozdeasturias.es/noticia/actualidad/2026/09/28/generacion-z-toma-puerta-sol-poder-vivir-haya-cambios-me-tiro-mes-dos-cansadas/00031790602757599165482.htm,20260928T200000Z,lavozdeasturias.es,Spanish,Spain,,,no,,
2026-09-29T07:03:23.511098+00:00,institutional_sanction,Institutional & academic sanctions,expelled,NY DA Reopens Probe of Alleged Fraternity Gang Rape at Cornell in 2024,https://www.breitbart.com/local/2026/09/28/new-york-da-reopens-probe-alleged-fraternity-gang-rape-cornell-university-2024/,20260928T193000Z,breitbart.com,English,United States,,,no,,
2026-09-29T07:03:23.511098+00:00,institutional_sanction,Institutional & academic sanctions,expelled,Accused Cornell frat bro lawyer dismisses heinous rape claims as  money grab  ,https://nypost.com/2026/09/28/us-news/accused-cornell-frat-bros-lawyer-dismisses-heinous-rape-claims-as-money-grab/,20260928T191500Z,nypost.com,English,United States,,,no,,
2026-09-29T07:03:23.511098+00:00,institutional_sanction,Institutional & academic sanctions,expelled,Qué ha ocurrido en la Universidad de Cornell : una alumna víctima de una brutal violación grupal en una fraternidad y siete alumnos  condenados  a redactar un ensayo como disculpa,https://www.trendencias.com/feminismo/que-ha-ocurrido-universidad-cornell-alumna-victima-brutal-violacion-grupal-fraternidad-siete-alumnos-condenados-a-redactar-ensayo-como-disculpa,20260928T191500Z,trendencias.com,Spanish,Spain,,,no,,
2026-09-29T07:03:23.511098+00:00,institutional_sanction,Institutional & academic sanctions,expelled,Candidato a deputado é preso por dano ao patrimônio da UnB ; MPF pede medidas cautelares,https://noticias.r7.com/eleicoes/2026/candidato-a-deputado-e-preso-por-dano-ao-patrimonio-da-unb-mpf-pede-medidas-cautelares-28092026/,20260928T191500Z,noticias.r7.com,Portuguese,Brazil,,,no,,
2026-09-29T07:03:23.511098+00:00,institutional_sanction,Institutional & academic sanctions,expelled,"18 - latek z Ghany mówił do niej  mamo . Prof . Glensk : Nie okazaliśmy ani miłosierdzia , ani praw człowieka",https://kobieta.wp.pl/18-latek-z-ghany-mowil-do-niej-mamo-prof-glensk-nie-okazalismy-ani-milosierdzia-ani-praw-czlowieka-7334225474566400a,20260928T191500Z,kobieta.wp.pl,Polish,Poland,,,no,,
2026-09-29T07:03:23.511098+00:00,institutional_sanction,Institutional & academic sanctions,expelled,Prosecutor reopens probe into Cornell gang rape allegations,https://www.times-standard.com/2026/09/28/cornell-gang-rape-investigation/,20260928T190000Z,times-standard.com,English,United States,,,no,,
2026-09-29T07:03:23.511098+00:00,institutional_sanction,Institutional & academic sanctions,expelled,Prosecutor reopens probe into Cornell gang rape allegations after accuser files lawsuit,https://www.weny.com/wires/prosecutor-reopens-probe-into-cornell-gang-rape-allegations-after-accuser-files-lawsuit/article_aaba6760-a32c-5d6d-96fa-d388912d13dd.html,20260928T190000Z,weny.com,English,United States,,,no,,
2026-09-29T07:03:23.511098+00:00,institutional_sanction,Institutional & academic sanctions,expelled,Prosecutor reopens probe into 2024 Cornell gang rape allegations,https://www.kztv10.com/us-news/crime/prosecutor-reopens-probe-into-cornell-gang-rape-allegations-after-accuser-files-lawsuit,20260928T190000Z,kztv10.com,English,United States,,,no,,
2026-09-29T07:03:23.511098+00:00,institutional_sanction,Institutional & academic sanctions,expelled,Investigation reopened into alleged gang rape at Cornell University,https://www.kmbc.com/article/cornell-sexual-assault-case-grand-jury-review/73925701,20260928T184500Z,kmbc.com,English,United States,,,no,,
2026-09-29T07:03:23.511098+00:00,institutional_sanction,Institutional & academic sanctions,expelled,Prosecutor reopens probe into Cornell gang rape allegations,https://www.sandiegouniontribune.com/2026/09/28/cornell-gang-rape-investigation/,20260928T184500Z,sandiegouniontribune.com,English,United States,,,no,,
2026-09-29T07:03:23.511098+00:00,institutional_sanction,Institutional & academic sanctions,expelled,Prosecutor reopens probe into Cornell gang rape allegations after accuser files lawsuit,http://www.hngnews.com/nation_world/prosecutor-reopens-probe-into-cornell-gang-rape-allegations-after-accuser-files-lawsuit/article_44a64091-dd54-503a-bdd0-be440e214fed.html,20260928T184500Z,hngnews.com,English,United States,,,no,,
2026-09-29T07:03:23.511098+00:00,institutional_sanction,Institutional & academic sanctions,expelled,AMD became the first woman - led company worth $1 trillion,https://fortune.com/2026/09/28/amd-trillion-dollar-market-cap-stock-lisa-su-woman-led-company/,20260928T184500Z,fortune.com,English,United States,,,no,,
2026-09-29T07:03:23.511098+00:00,institutional_sanction,Institutional & academic sanctions,expelled,Una estudiante de la Universidad de Cornell denuncia a siete miembros de una fraternidad por drogarla y violarla durante horas,https://elpais.com/us/2026-09-28/una-estudiante-de-la-universidad-de-cornell-denuncia-a-siete-miembros-de-una-fraternidad-por-drogarla-y-violarla-durante-horas.html,20260928T184500Z,elpais.com,Spanish,Spain,,,no,,
2026-09-29T07:03:23.511098+00:00,institutional_sanction,Institutional & academic sanctions,expelled,Investigation Into Gang Rape Allegations At Cornell Reopened,https://newsone.com/6872881/cornell-university-gang-rape-investigation/,20260928T184500Z,newsone.com,English,United States,,,no,,
2026-09-29T07:03:23.511098+00:00,institutional_sanction,Institutional & academic sanctions,expelled,Prosecutor reopens probe into Cornell gang rape allegations,https://www.citizensvoice.com/2026/09/28/cornell-gang-rape-investigation/,20260928T184500Z,citizensvoice.com,English,United States,,,no,,
2026-09-29T07:03:23.511098+00:00,institutional_sanction,Institutional & academic sanctions,expelled,Investigation reopened into alleged gang rape at Cornell University,https://www.4029tv.com/article/cornell-sexual-assault-case-grand-jury-review/73925701,20260928T181500Z,4029tv.com,English,United States,,,no,,
2026-09-29T07:03:23.511098+00:00,institutional_sanction,Institutional & academic sanctions,expelled,Prosecutor reopens probe into Cornell gang rape allegations,https://www.nydailynews.com/2026/09/28/cornell-gang-rape-investigation/,20260928T181500Z,nydailynews.com,English,United States,,,no,,
2026-09-29T07:03:23.511098+00:00,institutional_sanction,Institutional & academic sanctions,expelled,Investigation reopened into alleged gang rape at Cornell University,https://www.wbaltv.com/article/cornell-sexual-assault-case-grand-jury-review/73925701,20260928T181500Z,wbaltv.com,English,United States,,,no,,
2026-09-29T07:03:23.511098+00:00,institutional_sanction,Institutional & academic sanctions,expelled,Prosecutor reopens probe into Cornell gang rape allegations,https://www.mcall.com/2026/09/28/cornell-gang-rape-investigation/,20260928T181500Z,mcall.com,English,United States,,,no,,
2026-09-29T07:03:23.511098+00:00,institutional_sanction,Institutional & academic sanctions,expelled,Una exalumna denuncia una violación grupal cometida por siete miembros de una fraternidad de la Universidad de Cornell,https://www.antena3.com/noticias/mundo/exalumna-denuncia-violacion-grupal-universidad-cornell-florence-pugh-estalla-impunidad-enfermizo_202609286aba9636a520494aafd8a71a.html,20260928T181500Z,antena3.com,Spanish,Spain,,,no,,
2026-09-29T07:03:23.511098+00:00,institutional_sanction,Institutional & academic sanctions,expelled,Prosecutor reopens probe into Cornell gang rape allegations,https://www.twincities.com/2026/09/28/cornell-gang-rape-investigation/,20260928T181500Z,twincities.com,English,United States,,,no,,
2026-09-29T07:03:23.511098+00:00,institutional_sanction,Institutional & academic sanctions,expelled,  7日计划  重回谈判桌 ？ 美伊据称拟与调解方会谈 ， 伊朗最高领袖称西方干涉时代已终结,https://wallstreetcn.com/articles/3782674,20260928T180000Z,wallstreetcn.com,Chinese,China,,,no,,
2026-09-29T07:03:23.511098+00:00,institutional_sanction,Institutional & academic sanctions,expelled,Prosecutor reopens probe into Cornell gang rape allegations,https://www.fortmorgantimes.com/2026/09/28/cornell-gang-rape-investigation/,20260928T180000Z,fortmorgantimes.com,English,United States,,,no,,
2026-09-29T07:03:23.511098+00:00,institutional_sanction,Institutional & academic sanctions,expelled,Candidato a deputado é preso por dano ao patrimônio da UnB ; MPF pede medidas cautelares - 28 / 09 / 2026,https://www.dgabc.com.br/Noticia/4349524/candidato-a-deputado-e-preso-por-dano-ao-patrimonio-da-unb-mpf-pede-medidas-cautelares,20260928T180000Z,dgabc.com.br,Portuguese,Brazil,,,no,,
2026-09-29T07:03:23.511098+00:00,institutional_sanction,Institutional & academic sanctions,expelled,Investigation reopened into alleged gang rape at Cornell University,https://www.gulfcoastnewsnow.com/article/cornell-sexual-assault-case-grand-jury-review/73925701,20260928T180000Z,gulfcoastnewsnow.com,English,,,,no,,
2026-09-29T07:03:23.511098+00:00,institutional_sanction,Institutional & academic sanctions,expelled,Prosecutor reopens probe into Cornell gang rape allegations after accuser files lawsuit,http://www.stardem.com/ap/nation/prosecutor-reopens-probe-into-cornell-gang-rape-allegations-after-accuser-files-lawsuit/article_a2e781f7-45e7-5a93-b3ca-01e19f9aa262.html,20260928T174500Z,stardem.com,English,United States,,,no,,
2026-09-29T07:03:23.511098+00:00,institutional_sanction,Institutional & academic sanctions,expelled,Candidato a deputado é preso por dano ao patrimônio da UnB ; MPF pede medidas cautelares,https://www.estadao.com.br/politica/eleicoes/candidato-a-deputado-e-preso-por-dano-ao-patrimonio-da-unb-mpf-pede-medidas-cautelares/,20260928T174500Z,estadao.com.br,Portuguese,Brazil,,,no,,
2026-09-29T07:03:23.511098+00:00,institutional_sanction,Institutional & academic sanctions,banned from campus,"I - TEAM : Two LSU fraternities investigated over hazing allegations , including broken bone , waterboarding claims",https://www.kplctv.com/2026/09/28/i-team-two-lsu-fraternities-investigated-over-hazing-allegations-including-broken-bone-waterboarding-claims/,20260929T020000Z,kplctv.com,English,United States,,,no,,
2026-09-29T07:03:23.511098+00:00,institutional_sanction,Institutional & academic sanctions,banned from campus,"I - TEAM : Two LSU fraternities investigated over hazing allegations , including broken bone , waterboarding claims",https://www.wafb.com/2026/09/28/i-team-two-lsu-fraternities-investigated-over-hazing-allegations-including-broken-bone-waterboarding-claims/,20260929T010000Z,wafb.com,English,United States,,,no,,
2026-09-29T07:03:23.511098+00:00,institutional_sanction,Institutional & academic sanctions,banned from campus,Prosecutors are reopening a Cornell fraternity rape case . Here what we know,https://www.upr.org/npr-news/2026-09-28/prosecutors-are-reopening-a-cornell-fraternity-rape-case-heres-what-we-know,20260929T000000Z,upr.org,English,United States,,,no,,
2026-09-29T07:03:23.511098+00:00,institutional_sanction,Institutional & academic sanctions,banned from campus,Prosecutors are reopening a Cornell fraternity rape case . Here what we know,https://www.kunm.org/npr-news/2026-09-28/prosecutors-are-reopening-a-cornell-fraternity-rape-case-heres-what-we-know,20260929T000000Z,kunm.org,English,United States,,,no,,
2026-09-29T07:03:23.511098+00:00,institutional_sanction,Institutional & academic sanctions,banned from campus,Prosecutors are reopening a Cornell fraternity rape case . Here what we know,https://www.kenw.org/npr-news/2026-09-28/prosecutors-are-reopening-a-cornell-fraternity-rape-case-heres-what-we-know,20260929T000000Z,kenw.org,English,United States,,,no,,
2026-09-29T07:03:23.511098+00:00,institutional_sanction,Institutional & academic sanctions,banned from campus,Prosecutors are reopening a Cornell fraternity rape case . Here what we know,https://www.kunr.org/u-s-headlines/2026-09-28/prosecutors-are-reopening-a-cornell-fraternity-rape-case-heres-what-we-know,20260929T000000Z,kunr.org,English,United States,,,no,,
2026-09-29T07:03:23.511098+00:00,institutional_sanction,Institutional & academic sanctions,banned from campus,Prosecutors are reopening a Cornell fraternity rape case . Here what we know,https://www.houstonpublicmedia.org/npr/2026/09/28/nx-s1-5983480/prosecutors-are-reopening-a-cornell-fraternity-rape-case-heres-what-we-know/,20260928T234500Z,houstonpublicmedia.org,English,United States,,,no,,
2026-09-29T07:03:23.511098+00:00,institutional_sanction,Institutional & academic sanctions,banned from campus,Prosecutors are reopening a Cornell fraternity rape case . Here what we know,https://www.kmxt.org/2026-09-28/prosecutors-are-reopening-a-cornell-fraternity-rape-case-heres-what-we-know,20260928T234500Z,kmxt.org,English,United States,,,no,,
2026-09-29T07:03:23.511098+00:00,institutional_sanction,Institutional & academic sanctions,banned from campus,Prosecutors are reopening a Cornell fraternity rape case . Here what we know,https://knpr.org/npr/2026-09-28/prosecutors-are-reopening-a-cornell-fraternity-rape-case-heres-what-we-know,20260928T233000Z,knpr.org,English,United States,,,no,,
2026-09-29T07:03:23.511098+00:00,institutional_sanction,Institutional & academic sanctions,banned from campus,Prosecutors are reopening a Cornell fraternity rape case . Here what we know,https://www.wfdd.org/national/2026-09-28/prosecutors-are-reopening-a-cornell-fraternity-rape-case-heres-what-we-know,20260928T233000Z,wfdd.org,English,United States,,,no,,
2026-09-29T07:03:23.511098+00:00,institutional_sanction,Institutional & academic sanctions,banned from campus,Prosecutors are reopening a Cornell fraternity rape case . Here what we know,https://www.iowapublicradio.org/news-from-npr/2026-09-28/prosecutors-are-reopening-a-cornell-fraternity-rape-case-heres-what-we-know,20260928T233000Z,iowapublicradio.org,English,United States,,,no,,
2026-09-29T07:03:23.511098+00:00,institutional_sanction,Institutional & academic sanctions,banned from campus,Prosecutors are reopening a Cornell fraternity rape case . Here what we know,https://www.kclu.org/national-and-global/2026-09-28/prosecutors-are-reopening-a-cornell-fraternity-rape-case-heres-what-we-know,20260928T231500Z,kclu.org,English,United States,,,no,,
2026-09-29T07:03:23.511098+00:00,institutional_sanction,Institutional & academic sanctions,banned from campus,Prosecutors are reopening a Cornell fraternity rape case . Here what we know,https://news.prairiepublic.org/news-from-npr/2026-09-28/prosecutors-are-reopening-a-cornell-fraternity-rape-case-heres-what-we-know,20260928T231500Z,news.prairiepublic.org,English,United States,,,no,,
2026-09-29T07:03:23.511098+00:00,institutional_sanction,Institutional & academic sanctions,banned from campus,Prosecutors are reopening a Cornell fraternity rape case . Here what we know,https://www.wuwf.org/2026-09-28/prosecutors-are-reopening-a-cornell-fraternity-rape-case-heres-what-we-know,20260928T231500Z,wuwf.org,English,United States,,,no,,
2026-09-29T07:03:23.511098+00:00,institutional_sanction,Institutional & academic sanctions,banned from campus,Prosecutors are reopening a Cornell fraternity rape case . Here what we know,https://www.publicradiotulsa.org/npr-national-news/2026-09-28/prosecutors-are-reopening-a-cornell-fraternity-rape-case-heres-what-we-know,20260928T231500Z,publicradiotulsa.org,English,United States,,,no,,
2026-09-29T07:03:23.511098+00:00,institutional_sanction,Institutional & academic sanctions,banned from campus,Prosecutors are reexamining a Cornell fraternity rape case . Here what we know,https://www.kuow.org/npr-news/2026-09-28/prosecutors-are-reexamining-a-cornell-fraternity-rape-case-heres-what-we-know,20260928T221500Z,kuow.org,English,United States,,,no,,
2026-09-29T07:03:23.511098+00:00,institutional_sanction,Institutional & academic sanctions,banned from campus,Prosecutors are reexamining a Cornell fraternity rape case . Here what we know,https://www.kedm.org/npr-news/2026-09-28/prosecutors-are-reexamining-a-cornell-fraternity-rape-case-heres-what-we-know,20260928T221500Z,kedm.org,English,United States,,,no,,
2026-09-29T07:03:23.511098+00:00,institutional_sanction,Institutional & academic sanctions,banned from campus,Prosecutors are reexamining a Cornell fraternity rape case . Here what we know,https://www.wkyufm.org/news/2026-09-28/prosecutors-are-reexamining-a-cornell-fraternity-rape-case-heres-what-we-know,20260928T220000Z,wkyufm.org,English,United States,,,no,,
2026-09-29T07:03:23.511098+00:00,institutional_sanction,Institutional & academic sanctions,banned from campus,Prosecutors are reexamining a Cornell fraternity rape case . Here what we know,https://radio.wpsu.org/2026-09-28/prosecutors-are-reexamining-a-cornell-fraternity-rape-case-heres-what-we-know,20260928T220000Z,radio.wpsu.org,English,United States,,,no,,
2026-09-29T07:03:23.511098+00:00,institutional_sanction,Institutional & academic sanctions,banned from campus,Prosecutors are reexamining a Cornell fraternity rape case . Here what we know,https://www.northcountrypublicradio.org/news/npr/nx-s1-5983480/prosecutors-are-reexamining-a-cornell-fraternity-rape-case-here-s-what-we-know,20260928T220000Z,northcountrypublicradio.org,English,United States,,,no,,
2026-09-29T07:03:23.511098+00:00,institutional_sanction,Institutional & academic sanctions,banned from campus,Prosecutors are reexamining a Cornell fraternity rape case . Here what we know,https://www.wdiy.org/npr-news/2026-09-28/prosecutors-are-reexamining-a-cornell-fraternity-rape-case-heres-what-we-know,20260928T220000Z,wdiy.org,English,United States,,,no,,
2026-09-29T07:03:23.511098+00:00,institutional_sanction,Institutional & academic sanctions,banned from campus,Prosecutors are reexamining a Cornell fraternity rape case . Here what we know,https://www.wutc.org/2026-09-28/prosecutors-are-reexamining-a-cornell-fraternity-rape-case-heres-what-we-know,20260928T214500Z,wutc.org,English,United States,,,no,,
2026-09-29T07:03:23.511098+00:00,institutional_sanction,Institutional & academic sanctions,banned from campus,Prosecutors are reexamining a Cornell fraternity rape case . Here what we know,https://www.delawarepublic.org/npr-headlines/2026-09-28/prosecutors-are-reexamining-a-cornell-fraternity-rape-case-heres-what-we-know,20260928T213000Z,delawarepublic.org,English,United States,,,no,,
2026-09-29T07:03:23.511098+00:00,institutional_sanction,Institutional & academic sanctions,banned from campus,Prosecutors are reexamining a Cornell fraternity rape case . Here what we know,https://www.kpcw.org/npr-news/2026-09-28/prosecutors-are-reexamining-a-cornell-fraternity-rape-case-heres-what-we-know,20260928T211500Z,kpcw.org,English,United States,,,no,,
2026-09-29T07:03:23.511098+00:00,institutional_sanction,Institutional & academic sanctions,banned from campus,Prosecutors are reexamining a Cornell fraternity rape case . Here what we know,https://www.wyso.org/npr-news/2026-09-28/prosecutors-are-reexamining-a-cornell-fraternity-rape-case-heres-what-we-know,20260928T211500Z,wyso.org,English,United States,,,no,,
2026-09-29T07:03:23.511098+00:00,institutional_sanction,Institutional & academic sanctions,banned from campus,Prosecutors are reexamining a Cornell fraternity rape case . Here what we know,https://www.wkms.org/npr-news/2026-09-28/prosecutors-are-reexamining-a-cornell-fraternity-rape-case-heres-what-we-know,20260928T211500Z,wkms.org,English,United States,,,no,,
2026-09-29T07:03:23.511098+00:00,institutional_sanction,Institutional & academic sanctions,banned from campus,Prosecutors are reexamining a Cornell fraternity rape case . Here what we know,https://www.wvasfm.org/2026-09-28/prosecutors-are-reexamining-a-cornell-fraternity-rape-case-heres-what-we-know,20260928T211500Z,wvasfm.org,English,United States,,,no,,
2026-09-29T07:03:23.511098+00:00,institutional_sanction,Institutional & academic sanctions,banned from campus,Prosecutors are reexamining a Cornell fraternity rape case . Here what we know,https://www.apr.org/2026-09-28/prosecutors-are-reexamining-a-cornell-fraternity-rape-case-heres-what-we-know,20260928T210000Z,apr.org,English,United States,,,no,,
2026-09-29T07:03:23.511098+00:00,institutional_sanction,Institutional & academic sanctions,banned from campus,Prosecutors are reexamining a Cornell fraternity rape case . Here what we know,https://www.wemu.org/npr-national-news/2026-09-28/prosecutors-are-reexamining-a-cornell-fraternity-rape-case-heres-what-we-know,20260928T210000Z,wemu.org,English,United States,,,no,,
2026-09-29T07:03:23.511098+00:00,institutional_sanction,Institutional & academic sanctions,banned from campus,Prosecutors are reexamining a Cornell fraternity rape case . Here what we know,https://news.wfsu.org/npr-news/2026-09-28/prosecutors-are-reexamining-a-cornell-fraternity-rape-case-heres-what-we-know,20260928T204500Z,news.wfsu.org,English,United States,,,no,,
2026-09-29T07:03:23.511098+00:00,institutional_sanction,Institutional & academic sanctions,banned from campus,Prosecutors are reexamining a Cornell fraternity rape case . Here what we know,https://www.kcbx.org/npr-top-news/2026-09-28/prosecutors-are-reexamining-a-cornell-fraternity-rape-case-heres-what-we-know,20260928T201500Z,kcbx.org,English,United States,,,no,,
2026-09-29T07:03:23.511098+00:00,institutional_sanction,Institutional & academic sanctions,banned from campus,Prosecutors are reexamining a Cornell fraternity rape case . Here what we know,https://www.wboi.org/npr-news/2026-09-28/prosecutors-are-reexamining-a-cornell-fraternity-rape-case-heres-what-we-know,20260928T200000Z,wboi.org,English,United States,,,no,,
2026-09-29T07:03:23.511098+00:00,institutional_sanction,Institutional & academic sanctions,banned from campus,Prosecutors are reexamining a Cornell fraternity rape case . Here what we know,https://www.wamc.org/2026-09-28/prosecutors-are-reexamining-a-cornell-fraternity-rape-case-heres-what-we-know,20260928T200000Z,wamc.org,English,United States,,,no,,
2026-09-29T07:03:23.511098+00:00,institutional_sanction,Institutional & academic sanctions,banned from campus,Prosecutors are reexamining a Cornell fraternity rape case . Here what we know,https://www.klcc.org/npr-news/2026-09-28/prosecutors-are-reexamining-a-cornell-fraternity-rape-case-heres-what-we-know,20260928T200000Z,klcc.org,English,United States,,,no,,
2026-09-29T07:03:23.511098+00:00,institutional_sanction,Institutional & academic sanctions,banned from campus,Prosecutors are reexamining a Cornell fraternity rape case . Here what we know,https://www.wuft.org/2026-09-28/prosecutors-are-reexamining-a-cornell-fraternity-rape-case-heres-what-we-know,20260928T200000Z,wuft.org,English,United States,,,no,,
2026-09-29T07:03:23.511098+00:00,institutional_sanction,Institutional & academic sanctions,banned from campus,Prosecutors are reexamining a Cornell fraternity rape case . Here what we know,https://www.kjzz.org/npr-top-stories/2026-09-28/prosecutors-are-reexamining-a-cornell-fraternity-rape-case-heres-what-we-know,20260928T200000Z,kjzz.org,English,United States,,,no,,
2026-09-29T07:03:23.511098+00:00,institutional_sanction,Institutional & academic sanctions,banned from campus,Prosecutors are reexamining a Cornell fraternity rape case . Here what we know,https://wnyc.org/npr/nx-s1-5983480,20260928T191500Z,wnyc.org,English,United States,,,no,,
2026-09-29T07:03:23.511098+00:00,institutional_sanction,Institutional & academic sanctions,banned from campus,Prosecutors are reexamining a Cornell fraternity rape case . Here what we know,https://www.wglt.org/2026-09-28/prosecutors-are-reexamining-a-cornell-fraternity-rape-case-heres-what-we-know,20260928T191500Z,wglt.org,English,United States,,,no,,
2026-09-29T07:03:23.511098+00:00,institutional_sanction,Institutional & academic sanctions,banned from campus,What is the latest in Cornell fraternity rape case ? : NPR,https://www.npr.org/2026/09/28/nx-s1-5983480/cornell-fraternity-rape-chi-phi-case-updates,20260928T191500Z,npr.org,English,United States,,,no,,
2026-09-29T07:03:23.511098+00:00,institutional_sanction,Institutional & academic sanctions,banned from campus,Prosecutors are reexamining a Cornell fraternity rape case . Here what we know,https://www.wcsufm.org/latest-from-npr/2026-09-28/prosecutors-are-reexamining-a-cornell-fraternity-rape-case-heres-what-we-know,20260928T191500Z,wcsufm.org,English,United States,,,no,,
2026-09-29T07:03:23.511098+00:00,institutional_sanction,Institutional & academic sanctions,banned from campus,Prosecutors are reexamining a Cornell fraternity rape case . Here what we know,https://www.capeandislands.org/2026-09-28/prosecutors-are-reexamining-a-cornell-fraternity-rape-case-heres-what-we-know,20260928T190000Z,capeandislands.org,English,United States,,,no,,
2026-09-29T07:03:23.511098+00:00,institutional_sanction,Institutional & academic sanctions,banned from campus,Prosecutors are reexamining a Cornell fraternity rape case . Here what we know,https://news.prairiepublic.org/news-from-npr/2026-09-28/prosecutors-are-reexamining-a-cornell-fraternity-rape-case-heres-what-we-know,20260928T184500Z,news.prairiepublic.org,English,United States,,,no,,
2026-09-29T07:03:23.511098+00:00,institutional_sanction,Institutional & academic sanctions,banned from campus,Prosecutors are reexamining a Cornell fraternity rape case . Here what we know,https://www.krvs.org/npr-news/2026-09-28/prosecutors-are-reexamining-a-cornell-fraternity-rape-case-heres-what-we-know,20260928T184500Z,krvs.org,English,United States,,,no,,
2026-09-29T07:03:23.511098+00:00,institutional_sanction,Institutional & academic sanctions,banned from campus,Prosecutors are reexamining a Cornell fraternity rape case . Here what we know,https://www.publicradiotulsa.org/npr-national-news/2026-09-28/prosecutors-are-reexamining-a-cornell-fraternity-rape-case-heres-what-we-know,20260928T181500Z,publicradiotulsa.org,English,United States,,,no,,
2026-09-29T07:03:23.511098+00:00,institutional_sanction,Institutional & academic sanctions,banned from campus,Prosecutors are reexamining a Cornell fraternity rape case . Here what we know,https://www.wwno.org/npr-news/2026-09-28/prosecutors-are-reexamining-a-cornell-fraternity-rape-case-heres-what-we-know,20260928T181500Z,wwno.org,English,United States,,,no,,
2026-09-29T07:03:23.511098+00:00,institutional_sanction,Institutional & academic sanctions,banned from campus,Prosecutors are reexamining a Cornell fraternity rape case . Here what we know,https://www.wyomingpublicmedia.org/2026-09-28/prosecutors-are-reexamining-a-cornell-fraternity-rape-case-heres-what-we-know,20260928T181500Z,wyomingpublicmedia.org,English,United States,,,no,,
2026-09-29T07:03:23.511098+00:00,institutional_sanction,Institutional & academic sanctions,banned from campus,Prosecutors are reexamining a Cornell fraternity rape case . Here what we know,https://www.wmra.org/2026-09-28/prosecutors-are-reexamining-a-cornell-fraternity-rape-case-heres-what-we-know,20260928T180000Z,wmra.org,English,United States,,,no,,
2026-09-29T07:03:23.511098+00:00,institutional_sanction,Institutional & academic sanctions,banned from campus,Prosecutors are reexamining a Cornell fraternity rape case . Here what we know,https://www.wuky.org/npr-news/2026-09-28/prosecutors-are-reexamining-a-cornell-fraternity-rape-case-heres-what-we-know,20260928T180000Z,wuky.org,English,United States,,,no,,
2026-09-29T07:03:23.511098+00:00,institutional_sanction,Institutional & academic sanctions,banned from campus,Prosecutors are reexamining a Cornell fraternity rape case . Here what we know,https://www.wncw.org/2026-09-28/prosecutors-are-reexamining-a-cornell-fraternity-rape-case-heres-what-we-know,20260928T180000Z,wncw.org,English,United States,,,no,,
2026-09-29T07:03:23.511098+00:00,institutional_sanction,Institutional & academic sanctions,banned from campus,Prosecutors are reexamining a Cornell fraternity rape case . Here what we know,https://www.kbia.org/2026-09-28/prosecutors-are-reexamining-a-cornell-fraternity-rape-case-heres-what-we-know,20260928T180000Z,kbia.org,English,United States,,,no,,
2026-09-29T07:03:23.511098+00:00,institutional_sanction,Institutional & academic sanctions,banned from campus,Prosecutors are reexamining a Cornell fraternity rape case . Here what we know,https://www.aspenpublicradio.org/2026-09-28/prosecutors-are-reexamining-a-cornell-fraternity-rape-case-heres-what-we-know,20260928T180000Z,aspenpublicradio.org,English,United States,,,no,,
2026-09-29T07:03:23.511098+00:00,institutional_sanction,Institutional & academic sanctions,banned from campus,Prosecutors are reexamining a Cornell fraternity rape case . Here what we know,https://www.wrkf.org/npr-news/2026-09-28/prosecutors-are-reexamining-a-cornell-fraternity-rape-case-heres-what-we-know,20260928T180000Z,wrkf.org,English,United States,,,no,,
2026-09-29T07:03:23.511098+00:00,institutional_sanction,Institutional & academic sanctions,banned from campus,Prosecutors are reexamining a Cornell fraternity rape case . Here what we know,https://news.wjct.org/national-news/2026-09-28/prosecutors-are-reexamining-a-cornell-fraternity-rape-case-heres-what-we-know,20260928T174500Z,news.wjct.org,English,United States,,,no,,
2026-09-29T07:03:23.511098+00:00,institutional_sanction,Institutional & academic sanctions,banned from campus,Prosecutors are reexamining a Cornell fraternity rape case . Here what we know,https://www.krcu.org/2026-09-28/prosecutors-are-reexamining-a-cornell-fraternity-rape-case-heres-what-we-know,20260928T174500Z,krcu.org,English,United States,,,no,,
2026-09-29T07:03:23.511098+00:00,institutional_sanction,Institutional & academic sanctions,banned from campus,Student  drugged and gang raped by seven frat boys at Cornell University  | News US,https://metro.co.uk/2026/09/28/student-drugged-gang-raped-seven-frat-boys-cornell-university-29657995/,20260928T101500Z,metro.co.uk,English,United Kingdom,,,no,,
2026-09-29T07:03:23.511098+00:00,institutional_sanction,Institutional & academic sanctions,banned from campus,The Pushback Against Universitie Woke Agenda,https://www.theepochtimes.com/opinion/the-pushback-against-universities-woke-agenda-6094905,20260927T190000Z,theepochtimes.com,English,United States,,,no,,
2026-09-29T07:03:23.511098+00:00,delegitimization,Delegitimization & smear campaigns,foreign agent,Serbia snap election : Can Vucic outmanoeuvre the student revolt ? | Elections,https://www.aljazeera.com/features/2026/9/28/serbias-snap-election-can-vucic-outmanoeuvre-the-student-revolt,20260928T074500Z,aljazeera.com,English,United States,,,no,,
2026-09-29T07:03:23.511098+00:00,delegitimization,Delegitimization & smear campaigns,foreign agent,Sheinbaum : Rendir cuentas es obedecer al pueblo,https://planoinformativo.com/1171976/sheinbaum-rendir-cuentas-es-obedecer-al-pueblo,20260928T053000Z,planoinformativo.com,Spanish,Mexico,,,no,,
2026-09-29T07:03:23.511098+00:00,delegitimization,Delegitimization & smear campaigns,foreign agent,Sheinbaum cierra su gira nacional en el Zócalo a dos años de su gobierno :  Los mexicanos no queremos injerencias  ,https://www.lajornadadeoriente.com.mx/puebla/sheinbaum-zocalo-cierre-gira-injerencia-extranjera/,20260928T010000Z,lajornadadeoriente.com.mx,Spanish,Mexico,,,no,,
2026-09-29T07:03:23.511098+00:00,delegitimization,Delegitimization & smear campaigns,foreign agent,"  No queremos injerencias , ni intervencionismo , ni violación a nuestra territorialidad : Sheinbaum",https://aristeguinoticias.com/2709/mexico/no-queremos-injerencias-ni-intervencionismo-ni-violacion-a-nuestra-territorialidad-sheinbaum/,20260927T211500Z,aristeguinoticias.com,Spanish,Mexico,,,no,,
2026-09-29T07:03:23.511098+00:00,delegitimization,Delegitimization & smear campaigns,foreign agent,Mensaje de Sheinbaum en el Zócalo por segundo año de Gobierno : Estos fueron los momentos más relevantes,https://www.razon.com.mx:443/mexico/2026/09/27/mensaje-de-claudia-sheinbaum-en-el-zocalo-por-segundo-informe-de-gobierno-minuto-a-minuto/,20260927T191500Z,razon.com.mx,Spanish,Mexico,,,no,,
2026-09-29T07:03:23.511098+00:00,visa_immigration,Visa & immigration retaliation,visa canceled,"अमेरिका में F - 1 वीजा पर भूल से भी ना करें ये गलतियां , बड़ी मुसीबत में पड़ जाएंगे , स्टूडेंट्स को नसीहत",https://navbharattimes.indiatimes.com/education/study-abroad/us/top-mistakes-indian-students-make-on-the-f1-visa-that-need-to-be-avoided/articleshow/134500193.cms,20260927T190000Z,navbharattimes.indiatimes.com,Hindi,India,,,no,,
